# 誤差の定義: abs_error_mora_per_second = |推定毎秒モーラ数 - 正解毎秒モーラ数|（順位付けに使用）。詳細は README.md
rank	clip_id	client_id	audio_file	duration_sec	mora_true	mora_pred	mora_per_second_true	mora_per_second_pred	abs_error_mora_per_second	abs_error_mora	signed_error_mora_per_second	band_true	sentence	kana
1	common_voice_ja_39067529	6c839df24d1fa529e74822d0ede47eb7ef913a371663fdd4ee463bf1da86e00d7d48936d3370eba4bd7c127034a3dd820e66a2b9de46e8e39c967bb58c73b1cb	common_voice_ja_39067529.mp3	2.628	31	0.519	11.7960	0.1974	11.5986	30.481	-11.5986	over8	昔しイタリアの大家アンドレア・デル・サルトが言った事がある	ムカシシイタリアノオーヤアンドレアデルサルトガイッタコトガアル
2	common_voice_ja_44793399	20f673e1072d0fc5af45cc6b68fbbdf4b73717849e512073b475299c4a02cabac188209e04f773547efbfe0621d3aa06c8d34d39953fd92880b93487e912c30c	common_voice_ja_44793399.mp3	1.728	20	0.219	11.5741	0.1270	11.4471	19.781	-11.4471	over8	このツアーでは、何を見物するのですか。	コノツアーデワナニヲケンブツスルノデスカ
3	common_voice_ja_44793508	20f673e1072d0fc5af45cc6b68fbbdf4b73717849e512073b475299c4a02cabac188209e04f773547efbfe0621d3aa06c8d34d39953fd92880b93487e912c30c	common_voice_ja_44793508.mp3	2.088	24	0.222	11.4943	0.1063	11.3880	23.778	-11.3880	over8	ぬかるんだ道で足を取られて、転びそうになった。	ヌカルンダミチデアシヲトラレテコロビソーニナッタ
4	common_voice_ja_42262793	ddb945d93acc796d75b7d5bcdbf94865f4c15f2cacc0be66aefe0ae33dc469cd1129f274d0664a2d2653dce991cb7a6e07c2a8801a0e533c2802165ffe6ab530	common_voice_ja_42262793.mp3	1.836	21	0.335	11.4379	0.1825	11.2554	20.665	-11.2554	over8	文章を考えるのも、それなりに楽しい。	ブンショーヲカンガエルノモソレナリニタノシイ
5	common_voice_ja_44788736	6e07355137416bea9a4070993004af52659dcb38bada3bc99376cef9b951d440ae8185d8184d45bf6092fcdff56095097f8b62965ba6c07b1c6b36b5cf3eb0b9	common_voice_ja_44788736.mp3	1.692	20	1.070	11.8203	0.6326	11.1878	18.930	-11.1878	over8	違和感がひどければ、取り外すことになる。	イワカンガヒドケレバトリハズスコトニナル
6	common_voice_ja_36344513	b22375ec49a5767852ee34bf7577084689063354c5e98f536395a61731cbef5520bf8b527b1da7c1cdf0262e6e59ff3564d794e257c2ecb5075f7dce754b2efe	common_voice_ja_36344513.mp3	3.276	38	1.616	11.5995	0.4933	11.1063	36.384	-11.1063	over8	科学も実は個物の独立性を認めることによって成立するのである。	カガクモジツワコブツノドクリツセーヲミトメルコトニヨッテセーリツスルノデアル
7	common_voice_ja_39904502	13aa51f310a5a5e9a82c23cc9e4c76181812daf14a28821e1029264e1a90230c2be2d88a54c451a92b4a4d397636a5fdf3516cb7f1f37849673881a42b1c3714	common_voice_ja_39904502.mp3	2.808	31	0.177	11.0399	0.0631	10.9768	30.823	-10.9768	over8	本が読者に、「あなたは私を早く読みすぎ！」とクレームをつけた。	ホンガドクシャニアナタワワタシヲハヤクヨミスギトクレームヲツケタ
8	common_voice_ja_38948150	31ca7e743f0c68e69dcca290e837814de7ed150a6b43f8a1a3cc21f6269047090d73885025087ca6203c7b8a4459d75db786069e2f23b96aca1a98bf0ca6f22d	common_voice_ja_38948150.mp3	6.048	68	2.187	11.2434	0.3616	10.8818	65.813	-10.8818	over8	そこで彼は、ドアがほんとうに開いたときスタンドの下にすべりこんだ。そんなところで見つけられることもむろん危険がないわけではなかったが、	ソコデカレワドアガホントーニヒライタトキスタンドノシタニスベリコンダソンナトコロデミツケラレルコトモムロンキケンガナイワケデワナカッタガ
9	common_voice_ja_39912860	e5fa520d307e82447d59f1e3c2b8ed592fa98bf918530ac386816ba5b6e65b357f888b19690bf413fdc5dd04a79d720af4109a5ba92190c79555928594ce6fe2	common_voice_ja_39912860.mp3	1.872	21	0.766	11.2179	0.4094	10.8086	20.234	-10.8086	over8	京の狂言師今日来て京に今日に帰る。	キョーノキョーゲンシキョーキテキョーニキョーニカエル
10	common_voice_ja_44871952	953beb425b4a6cf8aff51afdab922081bf8686e351f38fc6f3d6f34caa40ab23a6ff945eaa41d52c000a1bc35fa594afd64b6ae78b957d3198c06b95a3a4a3f5	common_voice_ja_44871952.mp3	1.908	21	0.396	11.0063	0.2073	10.7990	20.604	-10.7990	over8	鉄のカーテンが、ヨーロッパ大陸におりた。	テツノカーテンガヨーロッパタイリクニオリタ
11	common_voice_ja_39027554	bbd078cf279a31f28a396d9efe589ad35a6eb7065ae2a4b9ee67293222bac2b61a53bf9375a9c736fade2b50037a2aefb12238fe3929acc04cbd09037db30425	common_voice_ja_39027554.mp3	1.656	19	1.217	11.4734	0.7348	10.7387	17.783	-10.7387	over8	クロノベリ県の県都はヴェクショーである	クロノベリケンノケントワヴェクショーデアル
12	common_voice_ja_45054315	7163a87f2b9835256f2132ee382d2a69e117aea44f9d39a3234bc91ade39f1ee1888bbcee3417de058c68e00ee8310393823ee7f6532ebd8dbb47af453b1a833	common_voice_ja_45054315.mp3	2.160	24	1.603	11.1111	0.7422	10.3689	22.397	-10.3689	over8	ねえ、少しだけ私の話を聞いてくれませんか？	ネースコシダケワタシノハナシヲキイテクレマセンカ
13	common_voice_ja_36349606	7b39da081a5bffac5a82f2e252b353fba5ffab897715b0e76c9f7fd507a9d9c08fd68a58e4a57d4b8bb791b6ed6f6c9e6ac3a45dd1160b247efe476f47260457	common_voice_ja_36349606.mp3	2.268	24	0.826	10.5820	0.3643	10.2177	23.174	-10.2177	over8	Ｔシャツの脇と襟元と背中が汗で湿った	ティーシャツノワキトエリモトトセナカガアセデシメッタ
14	common_voice_ja_39053146	2fb25ecd434d380b8d43ce2b2c14fa507117a3b8d3e5be163049135db01b65f178445b6709b71f40520aac371a7063d0a4535463e197793fc29cda1ac2f9acf0	common_voice_ja_39053146.mp3	2.916	30	0.328	10.2881	0.1124	10.1757	29.672	-10.1757	over8	大人はまともな思考を保つことが出来ず、すぐに死んでいった	オトナワマトモナシコーヲタモツコトガデキズスグニシンデイッタ
15	common_voice_ja_39084000	782a6452e9fde3cbe8c8c6ad38a783da96c1239ebd5454fe0cd2bbe314cdc6eca0f7f52d36953c7d0c5f389e24e3fc3853041b1e196295044e6a649b99e88458	common_voice_ja_39084000.mp3	2.664	28	1.075	10.5105	0.4037	10.1068	26.925	-10.1068	over8	日常の中で一番好きかもしれない確かにそうかも	ニチジョーノナカデイチバンスキカモシレナイタシカニソーカモ
16	common_voice_ja_39907766	516f9daf738ac40638c3c88d14e0b395cabc88d1ef53a9e6aed1136486b510c4ae2a6a6eca02da74122398b7c9265b0dce87ccb5d192c81a44c8e0a78c458f64	common_voice_ja_39907766.mp3	1.800	18	0.085	10.0000	0.0470	9.9530	17.915	-9.9530	over8	今夜は冷えるから鍋を食べようかな	コンヤワヒエルカラナベヲタベヨーカナ
17	common_voice_ja_41984724	1a5e336b50647257d106f950cf98136d6d6f1811df14775244b0399aa2a0b9c89cc20b3d738b8f968594061c831dd624adf3c4f989bf9147b27521af765fe386	common_voice_ja_41984724.mp3	1.656	17	0.693	10.2657	0.4185	9.8472	16.307	-9.8472	over8	悲しさは紛らわせることができる	カナシサワマギラワセルコトガデキル
18	common_voice_ja_44556324	67bf3ca53ab7dc859fecb2382c141350def1fac648425de010fe65f584563e48bbe06944f234438150d83d9e460c10af687d4c9cc7cf4b81e5d433d9d740738a	common_voice_ja_44556324.mp3	2.844	28	0.344	9.8453	0.1208	9.7245	27.656	-9.7245	over8	撮影隊は、まずロケ地を求めて、その国中を旅した。	サツエータイワマズロケチヲモトメテソノクニチューヲタビシタ
19	common_voice_ja_36338811	e358aa247419e33aebfae6dd2f785a52cf85f84b31b5ba8a7e758292784eeb7562261fdd0ae74da3e188fda087d6f16d1c8422a4bbc7b8f2d923dc018a5107d9	common_voice_ja_36338811.mp3	1.656	16	0.112	9.6618	0.0674	9.5945	15.888	-9.5945	over8	この曲、千回以上は聴いてる	コノキョクセンカイイジョーワキイテル
20	common_voice_ja_38987284	52f4297df4147a289018c7822d695400746d391d78cd233ee3be9dd5970a8920d246121e16d3c62b68438be35fa9f423e469692fbb9395b39e1224098969dfbe	common_voice_ja_38987284.mp3	3.780	41	5.210	10.8466	1.3784	9.4682	35.790	-9.4682	over8	行為的直観的現実をヒポケーメノンとして種々なる判断が成立する。	コーイテキチョッカンテキゲンジツヲヒポケーメノントシテシュジュナルハンダンガセーリツスル
21	common_voice_ja_44888169	c7f47f88d25e70ff96dc7f16fabc05c2ff498e631b83b31c67d4ac61c863302c623ad88eb0a50ba79933901a847536300755e6db0995f825c91a4e1d4a99571f	common_voice_ja_44888169.mp3	2.340	28	5.849	11.9658	2.4998	9.4661	22.151	-9.4661	over8	世の中を知らないつまらぬ卑小な者という意味の例え。	ヨノナカヲシラナイツマラヌヒショーナモノトイウイミノタトエ
22	common_voice_ja_44872004	953beb425b4a6cf8aff51afdab922081bf8686e351f38fc6f3d6f34caa40ab23a6ff945eaa41d52c000a1bc35fa594afd64b6ae78b957d3198c06b95a3a4a3f5	common_voice_ja_44872004.mp3	2.664	30	4.789	11.2613	1.7975	9.4637	25.211	-9.4637	over8	人が年老いてもなお大きな志をいだくことのたとえ。	ヒトガトシオイテモナオオーキナココロザシヲイダクコトノタトエ
23	common_voice_ja_45085442	b78b2ce3de6c4f2d27ad6b9148a29335cce03838f9d93d413bb614b61fb639871755d54c25253d3d9d34bc487af2ac6c3202f078fcaf7e07840efcbb7f32168d	common_voice_ja_45085442.mp3	2.376	26	3.600	10.9428	1.5150	9.4278	22.400	-9.4278	over8	緩い結び目を、すべて点検してしっかりしめなさい。	ユルイムスビメヲスベテテンケンシテシッカリシメナサイ
24	common_voice_ja_42262671	1ff043f3ff12b35a8300a2ae2e9962680814cc3c2ef37529cbd6357ac8e8d13ee1c36eaf80fc33caf699d3e29e5583c7ef839baa229a9143c12da61d69c1026e	common_voice_ja_42262671.mp3	2.952	28	0.175	9.4851	0.0594	9.4257	27.825	-9.4257	over8	私は声が小さい。発生の仕方が悪いのだろうか。	ワタシワコエガチーサイハッセーノシカタガワルイノダローカ
25	common_voice_ja_45137069	5e1ecdbf3166faaa7a8a0bed89e88e81f16e0885a7574c576ba245e58db985e3a7528a75bce7ec050f8112e4afff61e3aa20b323ecb0b04e1dc5925421a4cc58	common_voice_ja_45137069.mp3	1.692	18	2.168	10.6383	1.2811	9.3572	15.832	-9.3572	over8	土曜日に仕事にいくのは億劫だ	ドヨービニシゴトニイクノワオックーダ
26	common_voice_ja_39302164	35982e57084d5c55eae87f917be75873fb90fe1904e6e3cb760f5fd407a49d1b85f85c3f29137291d924fd77b043520fa552d7b8cd5ca9bf353da35a49844ba9	common_voice_ja_39302164.mp3	2.880	27	0.391	9.3750	0.1357	9.2393	26.609	-9.2393	over8	湯川秀樹君の実父にあたる小川琢治君なども、	ユカワヒデキクンノジップニアタルオガワタクジクンナドモ
27	common_voice_ja_45054464	7163a87f2b9835256f2132ee382d2a69e117aea44f9d39a3234bc91ade39f1ee1888bbcee3417de058c68e00ee8310393823ee7f6532ebd8dbb47af453b1a833	common_voice_ja_45054464.mp3	1.980	21	2.727	10.6061	1.3774	9.2287	18.273	-9.2287	over8	各損害については、不知、ないし否認する。	カクソンガイニツイテワフチナイシヒニンスル
28	common_voice_ja_45091989	5827438ac30df069e48dadfe4a0fed59a50dd5dd2325a01ba6871c48c5fe4c319b470dfc53b4208c663b949efec28d2618f78f744a2966e25fb30886aadf7a64	common_voice_ja_45091989.mp3	1.620	19	4.072	11.7284	2.5134	9.2150	14.928	-9.2150	over8	シングルはありませんが、ダブルはあります。	シングルワアリマセンガダブルワアリマス
29	common_voice_ja_36367268	2be74a45563b1e1ae5bdb73599e73d24bcf96435ac32c3cabc1f382b25a8be5cff18ac67fea50f637fa92005b6901c0acc83722e0041c14534c5983b17923ec5	common_voice_ja_36367268.mp3	1.980	23	4.918	11.6162	2.4841	9.1321	18.082	-9.1321	over8	もはやギャグになってしまい、つっこむ気にもならない	モハヤギャグニナッテシマイツッコムキニモナラナイ
30	common_voice_ja_45085902	b78b2ce3de6c4f2d27ad6b9148a29335cce03838f9d93d413bb614b61fb639871755d54c25253d3d9d34bc487af2ac6c3202f078fcaf7e07840efcbb7f32168d	common_voice_ja_45085902.mp3	1.620	16	1.306	9.8765	0.8062	9.0703	14.694	-9.0703	over8	あなたの大きな身体でぎゅっと	アナタノオーキナシンタイデギュット
31	common_voice_ja_45131778	c2993663937dc55831b65a69331454a5c60abf86c686e803d887b4109457d269cda0af7d695e226699c38b7ab4070a7eb7f88058923f6914e24c1969dfa5a05d	common_voice_ja_45131778.mp3	2.700	31	6.544	11.4815	2.4236	9.0578	24.456	-9.0578	over8	食洗機の中でお皿同士がぶつかり、ガチャンと音がしている。	ショクセンキノナカデオサラドーシガブツカリガチャントオトガシテイル
32	common_voice_ja_45011386	433e85fee1736822c85cc5f2bf10b7e133b2cc0ebb038b1d8bd44e2ec97438714dc573d86f1eaae56b71e394642fdf953a9031ddd3273739eb58d4cdcadcca8a	common_voice_ja_45011386.mp3	3.312	38	8.040	11.4734	2.4277	9.0458	29.960	-9.0458	over8	銃器メーカーは、小火器による、暴力事件に対する責任を、逃れてきた。	ジューキメーカーワショーカキニヨルボーリョクジケンニタイスルセキニンヲノガレテキタ
33	common_voice_ja_45136316	edc44af54881f91bf174ca5623fbc3b003e083c670769026a1762f2a811c1c4aa0b6b9395f79b1bdfb9f9362e520b17e4edb2b4ab8067fb9703330e9f45aac75	common_voice_ja_45136316.mp3	2.556	23	0.300	8.9984	0.1172	8.8812	22.700	-8.8812	over8	想像力は、すべての文明の根本である。	ソーゾーリョクワスベテノブンメーノコンポンデアル
34	common_voice_ja_36315368	4c4a63f63a2241576c3b148ede219023a5a5f32c6d1a78472896bf23e6e899546e45c444a1bc22e59b05ae948aefac9daea4a6ce31baac0a2b28e6a59c1ea8f6	common_voice_ja_36315368.mp3	3.348	37	7.443	11.0514	2.2231	8.8283	29.557	-8.8283	over8	これに反し一から多へというのは、合目的的に考えることであろう。	コレニハンシイチカラタエトイウノワゴーモクテキテキニカンガエルコトデアロー
35	common_voice_ja_41984667	1a5e336b50647257d106f950cf98136d6d6f1811df14775244b0399aa2a0b9c89cc20b3d738b8f968594061c831dd624adf3c4f989bf9147b27521af765fe386	common_voice_ja_41984667.mp3	2.160	20	0.961	9.2593	0.4451	8.8142	19.039	-8.8142	over8	データサイエンス入門を知っていますか	データサイエンスニューモンヲシッテイマスカ
36	common_voice_ja_45137948	5e1ecdbf3166faaa7a8a0bed89e88e81f16e0885a7574c576ba245e58db985e3a7528a75bce7ec050f8112e4afff61e3aa20b323ecb0b04e1dc5925421a4cc58	common_voice_ja_45137948.mp3	1.800	16	0.633	8.8889	0.3518	8.5371	15.367	-8.5371	over8	カラオケで深夜零時まで騒ぐ	カラオケデシンヤレージマデサワグ
37	common_voice_ja_41766309	edf9a5f1a10861912a3ea2b95754ecddcda2c4bcfceda7da59b36ce826621ea3faa9c9982b7daf6063d47e42b5b2610400c919e3f0cadd4bbb4acbee7df72045	common_voice_ja_41766309.mp3	2.340	21	1.167	8.9744	0.4988	8.4755	19.833	-8.4755	over8	ばらつきを表す標本特性値がある。	バラツキヲアラワスヒョーホントクセーチガアル
38	common_voice_ja_36362857	9cc79836885a00e6f51d9e3fbd94cb6b71c7b94de2e297588e32c4e4b02e746cb7c644a2bbd911fa5ce5bcf5f5d7ea6d0c7e19de239b0e64de71402a886b791c	common_voice_ja_36362857.mp3	1.548	15	1.927	9.6899	1.2446	8.4453	13.073	-8.4453	over8	そこで、僕らはチャンネルを止めた。	ソコデボクラワチャンネルヲトメタ
39	common_voice_ja_45011385	433e85fee1736822c85cc5f2bf10b7e133b2cc0ebb038b1d8bd44e2ec97438714dc573d86f1eaae56b71e394642fdf953a9031ddd3273739eb58d4cdcadcca8a	common_voice_ja_45011385.mp3	0.360	3	0.000	8.3333	0.0000	8.3333	3.000	-8.3333	over8	いいえ	イーエ
40	common_voice_ja_44888168	c7f47f88d25e70ff96dc7f16fabc05c2ff498e631b83b31c67d4ac61c863302c623ad88eb0a50ba79933901a847536300755e6db0995f825c91a4e1d4a99571f	common_voice_ja_44888168.mp3	2.160	25	7.002	11.5741	3.2417	8.3323	17.998	-8.3323	over8	今週使用した場所と、金額をお知らせください。	コンシューシヨーシタバショトキンガクヲオシラセクダサイ
41	common_voice_ja_39058639	d5880ed1fadf220ba0be00ee857f0dab254d0329678e7291fa8a027c990a21aafb06d7fcdcd6efa41f0192dbe59fa77c58ce77f3d4feb6a647df4a588285572d	common_voice_ja_39058639.mp3	2.016	17	0.209	8.4325	0.1037	8.3289	16.791	-8.3289	over8	マッチポンプとは、このことを指すのだ。	マッチポンプトワコノコトヲサスノダ
42	common_voice_ja_41788032	7cd953888f3bcdd5d3aec5999505d58e1fadd0d191a8859fc41745f8aa1e4b01e3a4f828f7f049225777cb9dcf99d5c5f970585b49e65400b718160e3fb20faa	common_voice_ja_41788032.mp3	1.260	11	0.514	8.7302	0.4081	8.3221	10.486	-8.3221	over8	ダンシングオールナイト	ダンシングオールナイト
43	common_voice_ja_44793307	20f673e1072d0fc5af45cc6b68fbbdf4b73717849e512073b475299c4a02cabac188209e04f773547efbfe0621d3aa06c8d34d39953fd92880b93487e912c30c	common_voice_ja_44793307.mp3	2.268	19	0.296	8.3774	0.1307	8.2467	18.704	-8.2467	over8	キャンセルの場合は、全額戻りますか。	キャンセルノバアイワゼンガクモドリマスカ
44	common_voice_ja_45136294	edc44af54881f91bf174ca5623fbc3b003e083c670769026a1762f2a811c1c4aa0b6b9395f79b1bdfb9f9362e520b17e4edb2b4ab8067fb9703330e9f45aac75	common_voice_ja_45136294.mp3	2.196	18	0.159	8.1967	0.0725	8.1243	17.841	-8.1243	over8	窓越しに、彼がやってくるのが見えた。	マドゴシニカレガヤッテクルノガミエタ
45	common_voice_ja_41793033	b43bbacf811bb6654e16e13d1b81b9ce3c180b4eded949a5eaf3c7e4bfa634ce92978a59198b0dfddc0fce08c33505bc72ab943e0496087a67911e5740baecb0	common_voice_ja_41793033.mp3	1.728	14	0.087	8.1019	0.0505	8.0513	13.913	-8.0513	over8	そこから腕を狙うファズリウ。	ソコカラウデヲネラウファズリウ
46	common_voice_ja_44793383	20f673e1072d0fc5af45cc6b68fbbdf4b73717849e512073b475299c4a02cabac188209e04f773547efbfe0621d3aa06c8d34d39953fd92880b93487e912c30c	common_voice_ja_44793383.mp3	2.196	18	0.348	8.1967	0.1583	8.0384	17.652	-8.0384	over8	テキストデータの、誤字脱字を修正。	テキストデータノゴジダツジヲシューセー
47	common_voice_ja_45053675	86870981bfbc63249b177040b0fe826c28a121c68dad73a7e184b8b41cc24519b007eccfb7330e6995733103633beb7beb160d9a718e8dd20b7c923863f455f3	common_voice_ja_45053675.mp3	1.800	18	3.636	10.0000	2.0199	7.9801	14.364	-7.9801	over8	ハンドバッグを平に置いてください。	ハンドバッグヲタイラニオイテクダサイ
48	common_voice_ja_44556122	67bf3ca53ab7dc859fecb2382c141350def1fac648425de010fe65f584563e48bbe06944f234438150d83d9e460c10af687d4c9cc7cf4b81e5d433d9d740738a	common_voice_ja_44556122.mp3	2.988	24	0.208	8.0321	0.0696	7.9625	23.792	-7.9625	over8	王は嘆き悲しみながらも敵の姿を捜す。	オーワナゲキカナシミナガラモテキノスガタヲサガス
49	common_voice_ja_41793168	b43bbacf811bb6654e16e13d1b81b9ce3c180b4eded949a5eaf3c7e4bfa634ce92978a59198b0dfddc0fce08c33505bc72ab943e0496087a67911e5740baecb0	common_voice_ja_41793168.mp3	2.016	16	0.127	7.9365	0.0628	7.8737	15.873	-7.8737	6to8	赤パジャマ、青パジャマ、緑パジャマ	アカパジャマアオパジャマミドリパジャマ
50	common_voice_ja_45060990	5c47d61702f47c9ffc17c6011315c6e9122dddd199252c4c31b84f5d3e118be4d007799d76885e083259c7214ddf61d16c1c78afde5c6a77f57fea3c7489cc1e	common_voice_ja_45060990.mp3	2.376	19	0.314	7.9966	0.1321	7.8645	18.686	-7.8645	6to8	同じスタイルのですか、異なるのですか。	オナジスタイルノデスカコトナルノデスカ
51	common_voice_ja_44794953	c527561adcf6e5cba0ce29eef8dd16ef3dcc1242e2e3d4793eed8f7e80cbc2adc8274551ae1d313de7fcaf2ff57f4d7ea2d92a4c813d468a4aca8f03248605fd	common_voice_ja_44794953.mp3	2.340	23	4.628	9.8291	1.9777	7.8513	18.372	-7.8513	over8	この大きいのが二つと、このショルダーバッグです。	コノオーキイノガフタツトコノショルダーバッグデス
52	common_voice_ja_39173311	c42185353f68ce43aeab39431929b8c982c1253ac89f989f4c0362133d5d2a3c849bba65aebc4d3cf7f710a6b6927184648268b1522fb72ac86fed7ff46312f2	common_voice_ja_39173311.mp3	2.736	30	8.644	10.9649	3.1592	7.8057	21.356	-7.8057	over8	taishouyatteru	ティーエーアイエスエイチオーユーワイエーティーティーイーアールユー
53	common_voice_ja_44793339	fa690cc321629741a7ba34ea5d1b4b22b525435b44ce6579c8f5a5c656c3daa470299b20a47c1b85b624182cac9406216e0fa27ea6a575b76c434a999c622868	common_voice_ja_44793339.mp3	3.168	27	2.311	8.5227	0.7294	7.7933	24.689	-7.7933	over8	彼の声には、不思議と人を安心させる力がある。	カレノコエニワフシギトヒトヲアンシンサセルチカラガアル
54	common_voice_ja_39059372	d5880ed1fadf220ba0be00ee857f0dab254d0329678e7291fa8a027c990a21aafb06d7fcdcd6efa41f0192dbe59fa77c58ce77f3d4feb6a647df4a588285572d	common_voice_ja_39059372.mp3	1.908	15	0.165	7.8616	0.0863	7.7753	14.835	-7.7753	6to8	埼玉県さいたま市緑区	サイタマケンサイタマシミドリク
55	common_voice_ja_39032139	ec6b94a181d79f8975820f157d2aedbc07dd9f71a5ece261a56583fc04929d2a1c80fc75fcd4faaa6addf1aa7077dab76138b477d5952d0b7b94e2b266158d53	common_voice_ja_39032139.mp3	4.320	48	14.585	11.1111	3.3761	7.7350	33.415	-7.7350	over8	僕らが持ってきたものは君の膝の上の写真集と、僕が握り締めている機械、それだけだった	ボクラガモッテキタモノワキミノヒザノウエノシャシンシュートボクガニギリシメテイルキカイソレダケダッタ
56	common_voice_ja_45085812	b78b2ce3de6c4f2d27ad6b9148a29335cce03838f9d93d413bb614b61fb639871755d54c25253d3d9d34bc487af2ac6c3202f078fcaf7e07840efcbb7f32168d	common_voice_ja_45085812.mp3	0.648	5	0.002	7.7160	0.0026	7.7134	4.998	-7.7134	6to8	それ、いいね！	ソレイイネ
57	common_voice_ja_39026564	f5ed54c1dfa1afd2185ecdc6bf25b31798bebae5122684a147cd901c09f381fa57d0cb9cdca47d29aa2ada9aacc90814c8b057bdc7afb135a2b962bbaf233887	common_voice_ja_39026564.mp3	2.700	25	4.185	9.2593	1.5498	7.7094	20.815	-7.7094	over8	セントクリストファー・ネイビスの首都はバセテールである	セントクリストファーネイビスノシュトワバセテールデアル
58	common_voice_ja_44887847	c7f47f88d25e70ff96dc7f16fabc05c2ff498e631b83b31c67d4ac61c863302c623ad88eb0a50ba79933901a847536300755e6db0995f825c91a4e1d4a99571f	common_voice_ja_44887847.mp3	2.196	19	2.097	8.6521	0.9551	7.6970	16.903	-7.6970	over8	私たちは、これを注文していません。	ワタシタチワコレヲチューモンシテイマセン
59	common_voice_ja_39030879	f674562650e8db0d7e3d55e8d36b23b21c5f2ff7133cb22ca0f437dc3cfc434fa97b91642ef55aa7fbc0614c37bc7d990dc7cd537bd952a67e383db67b4dd169	common_voice_ja_39030879.mp3	2.196	17	0.247	7.7413	0.1125	7.6288	16.753	-7.6288	6to8	スコーネ県の県都はマルメである	スコーネケンノケントワマルメデアル
60	common_voice_ja_45165904	0eeb7b4b0c78250d49713d08b8e481db5124da5dcb8c35fdc03faeec4f3df9da729eb8c7a61dab9e2bc7a536b53e3b29df102f9a67f4feb13756ead4852d62c0	common_voice_ja_45165904.mp3	2.520	21	1.834	8.3333	0.7279	7.6054	19.166	-7.6054	over8	ほんの少し。ごく小さい微細なものをいう。	ホンノスコシゴクチーサイビサイナモノヲイウ
61	common_voice_ja_45054291	7163a87f2b9835256f2132ee382d2a69e117aea44f9d39a3234bc91ade39f1ee1888bbcee3417de058c68e00ee8310393823ee7f6532ebd8dbb47af453b1a833	common_voice_ja_45054291.mp3	2.556	21	1.598	8.2160	0.6253	7.5906	19.402	-7.5906	over8	上着と帽子を、向こうのラックにかけなさい。	ウワギトボーシヲムコーノラックニカケナサイ
62	common_voice_ja_42263615	1ff043f3ff12b35a8300a2ae2e9962680814cc3c2ef37529cbd6357ac8e8d13ee1c36eaf80fc33caf699d3e29e5583c7ef839baa229a9143c12da61d69c1026e	common_voice_ja_42263615.mp3	2.736	21	0.270	7.6754	0.0985	7.5769	20.730	-7.5769	6to8	うらやましがられる発言が一番きらい	ウラヤマシガラレルハツゲンガイチバンキライ
63	common_voice_ja_45085922	b78b2ce3de6c4f2d27ad6b9148a29335cce03838f9d93d413bb614b61fb639871755d54c25253d3d9d34bc487af2ac6c3202f078fcaf7e07840efcbb7f32168d	common_voice_ja_45085922.mp3	2.196	25	8.399	11.3843	3.8247	7.5597	16.601	-7.5597	over8	逃亡犯人を捕まえようと、油断なく見張った。	トーボーハンニンヲツカマエヨートユダンナクミハッタ
64	common_voice_ja_44716140	d76b478d8f910ceb46a015dd039ed60b16b42508a2c57a0f35455f8771a8abe174be74314cd0f10f8cc2153e4bb3f7715819be52f3907d9c95b85027e1d2e1ab	common_voice_ja_44716140.mp3	2.628	25	5.177	9.5129	1.9700	7.5430	19.823	-7.5430	over8	この近くに、部屋の空いてそうなホテルはありませんか。	コノチカクニヘヤノアイテソーナホテルワアリマセンカ
65	common_voice_ja_39031985	ec6b94a181d79f8975820f157d2aedbc07dd9f71a5ece261a56583fc04929d2a1c80fc75fcd4faaa6addf1aa7077dab76138b477d5952d0b7b94e2b266158d53	common_voice_ja_39031985.mp3	2.340	24	6.415	10.2564	2.7415	7.5150	17.585	-7.5150	over8	ヨンショーピング県の県都はヨンショーピングである	ヨンショーピングケンノケントワヨンショーピングデアル
66	common_voice_ja_45136116	edc44af54881f91bf174ca5623fbc3b003e083c670769026a1762f2a811c1c4aa0b6b9395f79b1bdfb9f9362e520b17e4edb2b4ab8067fb9703330e9f45aac75	common_voice_ja_45136116.mp3	7.920	60	0.494	7.5758	0.0623	7.5134	59.506	-7.5134	6to8	手延べそうめん類製造作業、機械生麺製造作業、機械乾麺製造作業ともに、単一等級のみである。	テノベソーメンルイセーゾーサギョーキカイセーメンセーゾーサギョーキカイカンメンセーゾーサギョートモニタンイットーキューノミデアル
67	common_voice_ja_38833171	ef5414f8f2907f28e72666a857762d5e04462046bed637523266cea06585e114f9dedfdcd1d89a1b65d16b0ec7862a755028effb425f897d08f75cc4b88cf97f	common_voice_ja_38833171.mp3	5.148	60	21.536	11.6550	4.1833	7.4717	38.464	-7.4717	over8	ふと、私は畑の中に、何か五六匹の動物がいるのを見つけました。気がつくと、木の上にも一二匹いるのです。	フトワタシワハタケノナカニナニカゴジューロッピキノドーブツガイルノヲミツケマシタキガツクトキノウエニモジューニヒキイルノデス
68	common_voice_ja_45162860	c65f03a7ea515faaa7b94377557bbeb46b5ad6130f9688fa4f8925d3d9c0421f442ed3e96a1ff6300362095d6430be603c427cd03628b885d08806c932bec9c6	common_voice_ja_45162860.mp3	2.880	22	0.583	7.6389	0.2025	7.4364	21.417	-7.4364	6to8	ブリーチしたら頭皮が焼けるように痛いです	ブリーチシタラトーヒガヤケルヨーニイタイデス
69	common_voice_ja_39085532	782a6452e9fde3cbe8c8c6ad38a783da96c1239ebd5454fe0cd2bbe314cdc6eca0f7f52d36953c7d0c5f389e24e3fc3853041b1e196295044e6a649b99e88458	common_voice_ja_39085532.mp3	5.184	42	3.665	8.1019	0.7071	7.3948	38.335	-7.3948	over8	いまは沈黙しているけど、何かのタイミングで僕にメッセージを伝えそうな気がした	イマワチンモクシテイルケドナニカノタイミングデボクニメッセージヲツタエソーナキガシタ
70	common_voice_ja_39059823	d5880ed1fadf220ba0be00ee857f0dab254d0329678e7291fa8a027c990a21aafb06d7fcdcd6efa41f0192dbe59fa77c58ce77f3d4feb6a647df4a588285572d	common_voice_ja_39059823.mp3	4.176	31	0.349	7.4234	0.0836	7.3397	30.651	-7.3397	6to8	あっという間に送り込まれた調査隊の数は三桁を越えた	アットユウマニオクリコマレタチョーサタイノカズワサンケタヲコエタ
71	common_voice_ja_45164212	0eeb7b4b0c78250d49713d08b8e481db5124da5dcb8c35fdc03faeec4f3df9da729eb8c7a61dab9e2bc7a536b53e3b29df102f9a67f4feb13756ead4852d62c0	common_voice_ja_45164212.mp3	2.376	17	0.203	7.1549	0.0853	7.0696	16.797	-7.0696	6to8	人生は、大いなる戦場である	ジンセーワオーイナルセンジョーデアル
72	common_voice_ja_39145402	2d855238147be8ffa97cb320f5f88d3fd61f562d398935f81c322e4154c17ddb12c122c797a7400408c249c69995f578330e41bf19391212086445aba33a7b69	common_voice_ja_39145402.mp3	3.060	30	8.436	9.8039	2.7568	7.0472	21.564	-7.0472	over8	taishouyatteru	ティーエーアイエスエイチオーユーワイエーティーティーイーアールユー
73	common_voice_ja_44936631	9355bb034f88ef99303c74a023e41afa3ec63af68db40c0f2ccfb7f35331f0d1fdeb0a0694667ed80515fe47ec6ad00dadb9b943a680d7eb683b2266cc63a01a	common_voice_ja_44936631.mp3	3.600	28	2.722	7.7778	0.7560	7.0218	25.278	-7.0218	6to8	教師は、生徒が試験でカンニングをしているのを見つけた。	キョーシワセートガシケンデカンニングヲシテイルノヲミツケタ
74	common_voice_ja_39060799	d5880ed1fadf220ba0be00ee857f0dab254d0329678e7291fa8a027c990a21aafb06d7fcdcd6efa41f0192dbe59fa77c58ce77f3d4feb6a647df4a588285572d	common_voice_ja_39060799.mp3	2.088	15	0.341	7.1839	0.1635	7.0204	14.659	-7.0204	6to8	今からテストを返却します	イマカラテストヲヘンキャクシマス
75	common_voice_ja_45085119	b78b2ce3de6c4f2d27ad6b9148a29335cce03838f9d93d413bb614b61fb639871755d54c25253d3d9d34bc487af2ac6c3202f078fcaf7e07840efcbb7f32168d	common_voice_ja_45085119.mp3	3.564	31	6.059	8.6981	1.7001	6.9980	24.941	-6.9980	over8	富貴の人の行いがおさまらず国家が乱れることのたとえ。	フーキノヒトノオコナイガオサマラズコッカガミダレルコトノタトエ
76	common_voice_ja_45091986	5827438ac30df069e48dadfe4a0fed59a50dd5dd2325a01ba6871c48c5fe4c319b470dfc53b4208c663b949efec28d2618f78f744a2966e25fb30886aadf7a64	common_voice_ja_45091986.mp3	1.620	14	2.731	8.6420	1.6855	6.9565	11.269	-6.9565	over8	孟子と孔子の教えのこと。	モーシトコーシノオシエノコト
77	common_voice_ja_45182324	b593e63088afdcdf97f9b270062cae3a8dc8ca01e3d9a0b10298df086ed302e6557ed7cf69c495d44f36f6c8c6862e2e8f927922be9e4c27bf3b86f3e49221a9	common_voice_ja_45182324.mp3	2.268	22	6.268	9.7002	2.7635	6.9366	15.732	-6.9366	over8	いやーーーーーーーーーーーーーーーー何。これ、	イヤーーーーーーーーーーーーーーーーナンコレ
78	common_voice_ja_39060020	d5880ed1fadf220ba0be00ee857f0dab254d0329678e7291fa8a027c990a21aafb06d7fcdcd6efa41f0192dbe59fa77c58ce77f3d4feb6a647df4a588285572d	common_voice_ja_39060020.mp3	1.728	12	0.096	6.9444	0.0555	6.8890	11.904	-6.8890	6to8	山梨県早川町	ヤマナシケンハヤカワマチ
79	common_voice_ja_38995030	739e1aa542721568ca7a62b053e33489d54b6dc2067ee65e1450ee9b69bbf58764cfd8aea250e404cd966b9278c2a46a582bc76b748606a363d718104604261d	common_voice_ja_38995030.mp3	3.996	28	0.488	7.0070	0.1221	6.8849	27.512	-6.8849	6to8	さてこうなって見ると、もうおとなしくしていても仕方がない	サテコーナッテミルトモーオトナシクシテイテモシカタガナイ
80	common_voice_ja_36356160	578c600d71db7b97c93865141e149bf974d95a83158712b0c92e603ce1d082c7bb655d08e7a2c647c3ba868538af7203dec31b143176a1f8bec26d7b91c5c214	common_voice_ja_36356160.mp3	1.836	18	5.393	9.8039	2.9373	6.8667	12.607	-6.8667	over8	この歌の歌詞、まったく意味がわからん	コノウタノカシマッタクイミガワカラン
81	common_voice_ja_44793766	fa690cc321629741a7ba34ea5d1b4b22b525435b44ce6579c8f5a5c656c3daa470299b20a47c1b85b624182cac9406216e0fa27ea6a575b76c434a999c622868	common_voice_ja_44793766.mp3	3.708	38	12.597	10.2481	3.3974	6.8508	25.403	-6.8508	over8	空港は非常に広いので、飛行機の乗り換えも、場合によっては大変です。	クーコーワヒジョーニヒロイノデヒコーキノノリカエモバアイニヨッテワタイヘンデス
82	common_voice_ja_45175233	207a0f6fa67b613c929d149442552dee9b90b6280a416454cd067331c74c28212fa3dd4ca2863d5b33bb8929a37b428c9be0bf4a7b04c3dc7e9671d42ea8e54d	common_voice_ja_45175233.mp3	4.860	53	20.397	10.9053	4.1970	6.7084	32.603	-6.7084	over8	線虫捕食菌とは、線虫を多少とも積極的に捕捉し、これを資化して栄養源とするものである。	センチューホショクキントワセンチューヲタショートモセッキョクテキニホソクシコレヲシカシテエーヨーゲントスルモノデアル
83	common_voice_ja_42053138	6b28a6557c2cec0fd457415632fd63e0b40a7ab5828e0f7b0341220f78929de6be3677de1073b7d8b19a21e7b727fa6d43c7db2d91bc92fbc3d1455bc6a7c4f9	common_voice_ja_42053138.mp3	3.528	29	5.608	8.2200	1.5896	6.6303	23.392	-6.6303	over8	大量の水分が出るのでペーパーは何回か取り換える	タイリョーノスイブンガデルノデペーパーワナンカイカトリカエル
84	common_voice_ja_45137203	5e1ecdbf3166faaa7a8a0bed89e88e81f16e0885a7574c576ba245e58db985e3a7528a75bce7ec050f8112e4afff61e3aa20b323ecb0b04e1dc5925421a4cc58	common_voice_ja_45137203.mp3	1.764	18	6.382	10.2041	3.6178	6.5863	11.618	-6.5863	over8	ザーッと、滝のように雨が降ってきた。	ザーットタキノヨーニアメガフッテキタ
85	common_voice_ja_39006706	f020ab0b58edbf9bfd35792f48576ad5bd40259bc4af101bcec15032f2e9d9313ba937e750d0e5f618f922eb4c3aa07fd51e5fc0f3406b012fda1ba5aa7e75da	common_voice_ja_39006706.mp3	4.680	31	0.304	6.6239	0.0649	6.5590	30.696	-6.5590	6to8	団地の外に抜け出そうと、見たことがない場所を目指して歩いた	ダンチノソトニヌケダソートミタコトガナイバショヲメザシテアルイタ
86	common_voice_ja_44366661	ab1974620871d86b2f4635f03d8efa314d528a9aadcefe60e36d5b46ab68130d0aec9b5c7db7ae9ce672c98d0231a9a787fc17993905105cc3117182227b98b0	common_voice_ja_44366661.mp3	3.996	26	0.193	6.5065	0.0484	6.4581	25.807	-6.4581	6to8	根拠もないのに、自分だけで勝手に推測すること。	コンキョモナイノニジブンダケデカッテニスイソクスルコト
87	common_voice_ja_41788622	0ce7d0fcfa703275ca93281f417aaab9defa0295f40517361d605e5fe27e30f5a57549a0ac9f2c8eb6b1c83bad1e850d8eedd938aa4a96239ddb495d533c4bf3	common_voice_ja_41788622.mp3	1.440	15	5.845	10.4167	4.0589	6.3578	9.155	-6.3578	over8	最近晴れが多くて嬉しい。	サイキンハレガオークテウレシイ
88	common_voice_ja_45136276	41892c55fd2293c39d821d7991f30733606966ff5561bc640a9047d584cdef8c91d6d5f6e3e229235cb6850149c16f9b7ae817085c3c8609692b4bd4cf6b0504	common_voice_ja_45136276.mp3	2.916	21	2.514	7.2016	0.8622	6.3394	18.486	-6.3394	6to8	真っ直ぐ行きなさい、そうすれば、駅が見えます。	マッスグイキナサイソースレバエキガミエマス
89	common_voice_ja_45174185	da13c9c7eddb4d1a477d41e698f090121035c3d7f05d553cc1ff9bf37b9ca6d2787a4ea4db80e97ba45bbc9bd37dd1932eeca09049dd59bdd28e6d2a8766ac53	common_voice_ja_45174185.mp3	2.448	16	0.528	6.5359	0.2155	6.3204	15.472	-6.3204	6to8	となりの客はよく柿食う客だ	トナリノキャクワヨクカキクウキャクダ
90	common_voice_ja_44793306	20f673e1072d0fc5af45cc6b68fbbdf4b73717849e512073b475299c4a02cabac188209e04f773547efbfe0621d3aa06c8d34d39953fd92880b93487e912c30c	common_voice_ja_44793306.mp3	2.196	14	0.281	6.3752	0.1279	6.2473	13.719	-6.2473	6to8	保険は、どうすれば入れますか。	ホケンワドースレバイレマスカ
91	common_voice_ja_45054245	7163a87f2b9835256f2132ee382d2a69e117aea44f9d39a3234bc91ade39f1ee1888bbcee3417de058c68e00ee8310393823ee7f6532ebd8dbb47af453b1a833	common_voice_ja_45054245.mp3	2.808	20	2.493	7.1225	0.8879	6.2346	17.507	-6.2346	6to8	ホテル直通の電話が、あそこにあります。	ホテルチョクツーノデンワガアソコニアリマス
92	common_voice_ja_38867456	61a2cbaf9f0fb4712366747a9650820f3db0be3c9793ca962c81e5d6b01b91cae420c6cee3675c3b138e517077b388c4ed8cee6b758e089709925ef6c41a6b24	common_voice_ja_38867456.mp3	1.800	12	0.833	6.6667	0.4626	6.2041	11.167	-6.2041	6to8	青森県蓬田村	アオモリケンヨモギタムラ
93	common_voice_ja_41766232	edf9a5f1a10861912a3ea2b95754ecddcda2c4bcfceda7da59b36ce826621ea3faa9c9982b7daf6063d47e42b5b2610400c919e3f0cadd4bbb4acbee7df72045	common_voice_ja_41766232.mp3	2.196	16	2.389	7.2860	1.0881	6.1979	13.611	-6.1979	6to8	絞首刑は廃止するべきなのか？	コーシュケーワハイシスルベキナノカ
94	common_voice_ja_37621537	12bc5c0c8d3ea56131ee953e1e59820356e3b97d6b65f905e4d89f69fd326060148b482c896cbf8d94c1e3852aa246611c1bf9013bd9a3d90b4b312d1350d26c	common_voice_ja_37621537.mp3	7.020	83	39.518	11.8234	5.6294	6.1940	43.482	-6.1940	over8	私は今では国王陛下にも、すっかりお気に入りになっていたので、この会食のときには、いつも私の椅子と食卓が、陛下の左手の塩壷の前に置かれました。	ワタシワイマデワコクオーヘーカニモスッカリオキニイリニナッテイタノデコノカイショクノトキニワイツモワタシノイストショクタクガヘーカノヒダリテノシオツボノマエニオカレマシタ
95	common_voice_ja_39006563	f020ab0b58edbf9bfd35792f48576ad5bd40259bc4af101bcec15032f2e9d9313ba937e750d0e5f618f922eb4c3aa07fd51e5fc0f3406b012fda1ba5aa7e75da	common_voice_ja_39006563.mp3	2.880	18	0.170	6.2500	0.0590	6.1910	17.830	-6.1910	6to8	広東省の省都は広州である	カントンショーノショートワコーシューデアル
96	common_voice_ja_41984600	1a5e336b50647257d106f950cf98136d6d6f1811df14775244b0399aa2a0b9c89cc20b3d738b8f968594061c831dd624adf3c4f989bf9147b27521af765fe386	common_voice_ja_41984600.mp3	3.276	22	1.858	6.7155	0.5671	6.1484	20.142	-6.1484	6to8	旦那にするなら五条悟か夏油傑か	ダンナニスルナラゴジョーサトルカゲトースグルカ
97	common_voice_ja_39912886	e5fa520d307e82447d59f1e3c2b8ed592fa98bf918530ac386816ba5b6e65b357f888b19690bf413fdc5dd04a79d720af4109a5ba92190c79555928594ce6fe2	common_voice_ja_39912886.mp3	1.944	13	1.109	6.6872	0.5706	6.1167	11.891	-6.1167	6to8	そういうのはあんまりないな	ソーユウノワアンマリナイナ
98	common_voice_ja_45091945	5827438ac30df069e48dadfe4a0fed59a50dd5dd2325a01ba6871c48c5fe4c319b470dfc53b4208c663b949efec28d2618f78f744a2966e25fb30886aadf7a64	common_voice_ja_45091945.mp3	1.620	16	6.099	9.8765	3.7646	6.1120	9.901	-6.1120	over8	上を向いて歩こう。ときは開けり	ウエヲムイテアルコートキワアケリ
99	common_voice_ja_42109645	f636f4ca0ee79a1d9821172afdd541f911fbfe36ce484965b9125bc148845b305d263b15a6095fa0c1a6ee816bae196e06b491c05071c1ff6732cd6d98d2584b	common_voice_ja_42109645.mp3	3.240	28	8.210	8.6420	2.5339	6.1080	19.790	-6.1080	over8	What are your hobbies?	ホワットエーアールイーユアエイチオービービーアイイーエス
100	common_voice_ja_42025832	e7b89ee6abf54aff6d8babcd47080b65f7f6ad4ebcaf0ee41d42b670b12d97d15d6630aa4ca7c26cc6421bddb1e51119e8aa986cac289924da765719b6ad1714	common_voice_ja_42025832.mp3	7.164	79	35.286	11.0274	4.9254	6.1019	43.714	-6.1019	over8	The coffee shop was filled with the aroma of freshly brewed coffee.	ザコーヒーショップダブリューエーエスエフアイエルエルイーディーウィズザエーアールオーエムエーオブエフアールイーエスエイチエルワイビーアールイーダブリューイーディーコーヒー
