文ID	原文	人手注釈の仮名	pyopenjtalkの読み	正解モーラ数	推定モーラ数	差
BASIC5000_3967	そして、漢代の四川省雅安県高頤墓闕では、升の上に肘木を確認することができる。	そして、かんだいのしせんしょーがあんけんこーいぼけつでわ、ますのうえにひじきをかくにんすることができる	ソシテカンダイノ四川省雅安県高頤墓闕デワマスノウエニヒジキヲカクニンスルコトガデキル	48	32	-16
BASIC5000_3127	逓伝哨には、乗馬伝令による逓騎哨、自転車による逓自転車哨などの種類がある。	てーでんしょーにわ、じょーばでんれーによるてーきしょー、じてんしゃによるてーじてんしゃしょーなどのしゅるいがある	テーデン哨ニワジョーバデンレーニヨル逓騎哨ジテンシャニヨル逓ジテンシャ哨ナドノシュルイガアル	47	36	-11
BASIC5000_0702	市外局番２１３の、４８６ー２４３５です。	しがいきょくばんにーいちさんの、よんはちろく、にーよんさんごーです	シガイキョクバンニヒャクジューサンノヨンヒャクハチジューロクーニセンヨンヒャクサンジューゴデス	30	40	10
BASIC5000_2258	２１２ー８３６ー１７２５に、指名通話をかけたいんだけど。	にーいちに、はちさんろく、いちななにーごーに、しめーつーわをかけたいんだけど	ニヒャクジューニーハッピャクサンジューロクーセンナナヒャクニジューゴニシメーツーワヲカケタインダケド	35	44	9
BASIC5000_3632	応仁の乱後、堺商人が抽分銭の債務業務を行い、出航前に予め輸入品の利益額を想定して抽分銭を先に経営者側に納付する制度を取った。	おーにんのらんご、さかいしょーにんが、ちゅーぶんせんのさいむぎょーむをおこない、しゅっこーまえに、あらかじめ、ゆにゅーひんのりえきがくをそーてーして、ちゅーもんせんをさきに、けーえーしゃがわにのーふするせーどをとった	オーニンノランゴサカイショーニンガ抽分センノサイムギョームヲオコナイシュッコーマエニアラカジメユニューヒンノリエキガクヲソーテーシテ抽分センヲサキニケーエーシャガワニノーフスルセードヲトッタ	94	86	-8
BASIC5000_2121	死傷者は、合計、１、０００名となったということだ。	ししょーしゃわ、ごーけー、せんめーとなったとゆーことだ	シショーシャワゴーケーイチゼロゼロゼロメートナッタトイウコトダ	23	29	6
BASIC5000_3857	南の廂の簀子の南の第一の間に渡殿と反橋があり、登華殿の額の間に達する。	みなみのひさしのすのこのみなみのだいいちのまにわたどのとそりはしがあり、とーかでんのがくのまにたっする	ミナミノヒサシノスノコノミナミノダイイチノアイダニワタドノトソリハシガアリノボリハナドノノガクノアイダニタッスル	50	56	6
BASIC5000_3908	その力による恐怖と妖しい魅力で、聚慎を滅亡させた張本人でありながら、聚慎の遺臣を部下に抱えている。	そのちからによるきょーふとあやしーみりょくで、じゅしんをめつぼーさせたちょーほんにんでありながら、じゅしんのいしんをぶかにかかえている	ソノチカラニヨルキョーフトアヤシイミリョクデ聚慎ヲメツボーサセタチョーホンニンデアリナガラ聚慎ノイシンヲブカニカカエテイル	60	54	-6
BASIC5000_4026	組織学的には、細胞分化度が高く杯細胞様の粘液産生細胞と扁平上皮細胞が、いずれも明瞭かつ多数認められ、共に嚢胞腔や腺腔の形成が目立つ。	そしきがくてきにわ、さいぼーぶんかどがたかく、さかずきさいぼーよーのねんえきさんせーさいぼーと、へんぺーじょーひさいぼーが、いずれも、めーりょー、かつたすーみとめられ、ともに、のーほーくーやせんくーのけーせーがめだつ	ソシキガクテキニワサイボーブンカドガタカクハイサイボーサマノネンエキサンセーサイボートヘンページョーヒサイボーガイズレモメーリョーカツタスーミトメラレトモニノーホー腔ヤセン腔ノケーセーガメダツ	98	92	-6
BASIC5000_3247	その直感通り奮戦むなしく完敗するものの、捨て身の覚悟で虚の片腕を封じ、同時に自分の剣を銀時に渡すことで、彼が虚に一矢報いることに貢献した。	そのちょっかんどーり、ふんせんむなしくかんぱいするものの、すてみのかくごでうつろのかたうでをふーじ、どーじにじぶんのけんをぎんときにわたすことで、かれが、うつろにいっしむくいることにこーけんした	ソノチョッカンドーリフンセンムナシクカンパイスルモノノステミノカクゴデキョノカタウデヲフージドージニジブンノケンヲギンジニワタスコトデカレガキョニイッシムクイルコトニコーケンシタ	91	86	-5
BASIC5000_4396	しかし洪武帝の猜疑心は収まらず、皇帝直属の特務機関である錦衣衛を作る。	しかし、こーぶてーのさいぎしんわおさまらず、こーてーちょくぞくのとくむきかんであるきんいえーをつくる	シカシヒロシブテーノサイギシンワオサマラズコーテーチョクゾクノトクムキカンデアルニシキコロモマモルヲツクル	47	52	5
BASIC5000_4457	その御趣旨によると、我等臣民たるものは父母に孝行を尽くし、兄弟姉妹仲よくし、夫婦互いに分を守って睦まじくし、朋友には信義をもって交わらなければならなりません。	そのごしゅしによると、われらしんみんたるものわふぼにこーこーをつくし、きょーだいしまいなかよくし、ふーふたがいにぶをまもってむつまじくし、ほーゆーにわしんぎをもってまじわらなければなりません	ソノゴシュシニヨルトワレラシンミンタルモノワチチハハニコーコーヲツクシキョーダイシマイナカヨクシフーフタガイニブンヲマモッテムツマジクシホーユーニワシンギヲモッテマジワラナケレバナラナリマセン	89	94	5
BASIC5000_3182	剣を真っ赤に発熱させ、敵を熔かして叩き斬る必殺技、陽光丸回転斬と陽光丸一閃斬を放つ。	けんをまっかにはつねつさせ、てきをとかしてたたききるひっさつわざ、よーこーまるかいてんぎりとよーこーまるいっせんぎりをはなつ	ケンヲマッカニハツネツサセテキヲトカシテハタキキルヒッサツワザヨーコーマルカイテンザントヨーコーマルイチ閃斬ヲハナツ	60	56	-4
BASIC5000_3762	一部を除き、宵々々山の前日の午前に、山建が行われる。	いちぶをのぞき、よいよいよいやまのぜんじつのごぜんに、やまたてがおこなわれる	イチブヲノゾキヨイ々々ヤマノゼンジツノゴゼンニヤマケンガオコナワレル	36	32	-4
BASIC5000_3816	脱窒菌による窒素除去は、異化代謝によるものだが、同化代謝により生体へ資化させて、窒素除去を行おうとする方法もある。	だっちつきんによるちっそじょきょわ、いかたいしゃによるものだが、どーかたいしゃによりせーたいにしかさせて、ちっそじょきょをおこなおーとするほーほーもある	ダツ窒菌ニヨルチッソジョキョワイカタイシャニヨルモノダガドーカタイシャニヨリセータイエシカサセテチッソジョキョヲオコナオートスルホーホーモアル	67	63	-4
BASIC5000_3972	祝家荘との戦いでは、敵の女剣士扈三娘との一騎討ちで苦戦する欧鵬を助太刀し、刃を交えるが、決着がつく前に味方の旗色が悪くなり退却した。	しゅくかそーとのたたかいでわ、てきのおんなけんしこさんじょーとのいっきうちでくせんするおーほーをすけだちし、はをまじえるが、けっちゃくがつくまえにみかたのはたいろがわるくなりたいきゃくした	シュクカソートノタタカイデワテキノオンナケンシコサンムスメトノイッキウチチデクセンスルオーオートリヲスケダチシハヲマジエルガケッチャクガツクマエニミカタノハタイロガワルクナリタイキャクシタ	87	91	4
BASIC5000_4064	南薩台地型シラス台地は、阿多カルデラの溶結凝灰岩を基盤とする、南薩台地や、大根占台地などが相当する。	なんさつだいちがたしらすだいちわ、あたかるでらのよーけつぎょーかいがんをきばんとする、なんさつだいちや、おーねじめだいちなどがそーとーする	ナンサツダイチガタシラスダイチワアタカルデラノ溶結ギョーカイガンヲキバントスルナンサツダイチヤオーネジメダイチナドガソートースル	65	61	-4
BASIC5000_4687	私事を報告する場ではない。	わたくしごとをほーこくするばでわない	シジヲホーコクスルバデワナイ	18	14	-4
BASIC5000_1161	幸正って、すごく可愛いんじゃない。	ゆきまさって、すごくかわいーんじゃない？	サイワイタダシッテスゴクカワイインジャナイ	17	20	3
BASIC5000_2371	エヴェレスト山は、海抜２９、００２フィートです。	えゔぇれすとさんわ、かいばつ、にまんきゅーせんにふぃーとです	エベレストサンワカイバツニジューキューゼロゼロニーフィートデス	25	28	3
BASIC5000_3047	土候領の他のどこがどうあれ、ここだけは、万余の海賊が押し寄せても揺がないぞという、盤石の備えが誇らしげに見えている。	どこーりょーのほかのどこがどーあれ、ここだけわ、まんよのかいぞくが、おしよせてもゆるがないぞ、とゆー、ばんじゃくのそなえがほこらしげにみえている	ツチコーリョーノホカノドコガドーアレココダケワマンアマリノカイゾクガオシヨセテモユルガナイゾトイウバンジャクノソナエガホコラシゲニミエテイル	65	68	3
BASIC5000_3061	近世には、江戸幕府の命により、清浄光寺を総本山とする、時宗の管轄下におかれた。	きんせーにわ、えどばくふのめーにより、しょーじょーこーじをそーほんざんとする、じしゅーのかんかつかにおかれた	キンセーニワエドバクフノイノチニヨリセージョーコーテラヲソーホンザントスルトキムネノカンカツカニオカレタ	48	51	3
BASIC5000_3165	明治時代に入ってからは、志々雄一派との戦いのために再会するが、不殺の信念と、人斬りの過去の間に揺れ動く、不安定な剣心の姿に苛立ち、その中途半端さを糾弾。	めーじじだいにはいってからわ、ししおいっぱとのたたかいのためにさいかいするが、ころさずのしんねんと、ひときりのかこのあいだにゆれうごく、ふあんてーなけんしんのすがたにいらだち、そのちゅーとはんぱさをきゅーだん	メージジダイニハイッテカラワココロザシ々オイッパトノタタカイノタメニサイカイスルガフコロセノシンネントヒトギリノカコノアイダニユレウゴクフアンテーナケンシンノスガタニイラダチソノチュートハンパサヲキューダン	97	100	3
BASIC5000_3287	また、毎場所の場所前には、力皇から番付表を貰い、自分の部屋に飾っていると言う。	また、まいばしょのばしょまえにわ、りきおーからばんずけひょーをもらい、じぶんのへやにかざっているとゆー	マタマイバショノバショマエニワチカラスメラギカラバンズケヒョーヲモライジブンノヘヤニカザッテイルトイウ	45	48	3
BASIC5000_3351	クモ下目でもっとも原始的な形態をとどめているとされるのは、書肺を二対持つなどの特徴を持つ、エボシグモ科などであるが、これは、篩板を持っている。	くもかもくでもっともげんしてきなけーたいをとどめているとされるのわ、しょはいをについもつなどのとくちょーをもつ、えぼしぐかなどであるが、これわ、しばんをもっている	クモシタメデモットモゲンシテキナケータイヲトドメテイルトサレルノワショハイヲニツイモツナドノトクチョーヲモツエボシグモカナドデアルガコレワフルイバンヲモッテイル	75	78	3
BASIC5000_3382	他の家族や使用人のように夫に愛人がいたと疑念を抱いたのか否かは不明である。	ほかのかぞくやしよーにんのよーに、おっとに、あいじんがいたとぎねんをいだいたのかいなかわ、ふめーである	タノカゾクヤシヨーニンノヨーニオットニアイジンガイタトギネンヲダイタノカヒカワフメーデアル	48	45	-3
BASIC5000_3561	これも人工的に増やされた闘蛇の特性だが、戦場で初めてそれを知った彼女は、必死の思いでエクたち数頭の離脱に成功するが、事態収拾にはほど遠いものだった。	これもじんこーてきにふやされたとーじゃのとくせーだが、せんじょーではじめてそれをしったかのじょわ、ひっしのおもいでえくたちすーとーのりだつにせーこーするが、じたいしゅーしゅーにわほどとーいものだった	コレモジンコーテキニフヤサレタタタカエヘビノトクセーダガセンジョーデハジメテソレヲシッタカノジョワヒッシノオモイデエクタチスートーノリダツニセーコースルガジタイシューシューニワホドトーイモノダッタ	91	94	3
BASIC5000_3581	やがて、血と生き胆で墨を溶き、四魂のかけらを投入して作った特製の墨で絵を描くと、それが実体化することを知った彼は、この墨を使って、戦国の世の覇者になることを画策。	やがて、ちといきぎもですみをとき、しこんのかけらをとーにゅーしてつくったとくせーのすみでえをえがくと、それがじったいかすることをしったかれわ、このすみをつかって、せんごくのよのはしゃになることをかくさく	ヤガテチトイキキモデスミヲトキヨンタマシーノカケラヲトーニューシテツクッタトクセーノスミデエヲエガクトソレガジッタイカスルコトヲシッタカレワコノスミヲツカッテセンゴクノヨノハシャニナルコトヲカクサク	94	97	3
BASIC5000_3845	また、四魂のかけらで、一時的に魂が復活し、冥加や雲母に襲い掛かったが、犬夜叉に撃退された。	また、しこんのかけらで、いちじてきにたましーがふっかつし、みょーがやうんもにおそいかかったが、いぬやしゃにげきたいされた	マタヨンタマシーノカケラデイチジテキニタマシーガフッカツシミョーガヤウンモニオソイカカッタガイヌヤシャニゲキタイサレタ	54	57	3
BASIC5000_3873	死者に関しては、伝統的に、インレー湖に沈めるという水葬が一般的であったが、近年では、陸上への埋葬も増加している。	ししゃにかんしてわ、でんとーてきに、いんれーこにしずめるとゆーすいそーがいっぱんてきであったが、きんねんでわ、りくじょーえのまいそーもぞーかしている	シシャニカンシテワデントーテキニインレーミズウミニシズメルトイウスイソーガイッパンテキデアッタガキンネンデワリクジョーエノマイソーモゾーカシテイル	68	71	3
BASIC5000_3924	前述したように華夷秩序では、中国王朝から冊封から受け、あるいは、朝貢を行うことで、周辺諸国は宗主国、藩属国の関係となった。	ぜんじゅつしたよーにかいちつじょでわ、ちゅーごくおーちょーからさくほーからうけ、あるいわ、ちょーこーをおこなうことで、しゅーへんしょこくわそーしゅこく、はんぞくこくのかんけーとなった	ゼンジュツシタヨーニハナエビスチツジョデワチューゴクオーチョーカラサクホーカラウケアルイワチョーコーヲオコナウコトデシューヘンショコクワソーシュコクハンゾッコクノカンケートナッタ	78	81	3
BASIC5000_3928	ポリケトン系樹脂は、脂肪族ポリケトンの他、芳香族ポリエーテルケトンなど、主鎖にケトン基を含むポリマー全般を指す。	ぽりけとんけーじゅしわ、しぼーぞくぽりけとんのほか、ほーこーぞくぽりえーてるけとんなど、しゅさにけとんきをふくむぽりまーぜんぱんをさす	ポリケトンケージュシワシボーゾクポリケトンノホカホーコーゾクポリエーテルケトンナドシュクサリニケトンモトヲフクムポリマーゼンパンヲサス	62	65	3
BASIC5000_3931	雄小穂の形や、果胞の特徴などを見れば区別できる。	ゆーしょーすいのかたちや、かほーのとくちょーなどをみればくべつできる	オショーホノカタチヤハテ胞ノトクチョーナドヲミレバクベツデキル	31	28	-3
BASIC5000_3953	参加者の出身地のために、中国語版ウィキペディアでの一番の議論の的は、六四天安門事件、台湾独立運動、法輪功などに関する項目である。	さんかしゃのしゅっしんちのために、ちゅーごくごばんうぃきぺでぃあでのいちばんのぎろんのまとわ、ろくしてんあんもんじけん、たいわんどくりつうんどー、ほーりんこーなどにかんするこーもくである	サンカシャノシュッシンチノタメニチューゴクゴバンウィキペディアデノイチバンノギロンノマトワロクジューヨンテンアンモンジケンタイワンドクリツウンドーホーリンコーナドニカンスルコーモクデアル	84	87	3
BASIC5000_3958	虞姫は剣を持って舞うが、すでに周囲は火に囲まれており、彼女は別れよりも死を選び自害する。	ぐきわけんをもってまうが、すでにしゅーいわひにかこまれており、かのじょわわかれよりもしをえらびじがいする	オソレヒメワケンヲモッテマウガスデニシューイワヒニカコマレテオリカノジョワワカレヨリモシヲエラビジガイスル	48	51	3
BASIC5000_4333	蛭湖は右手に血の剣、左手に血の盾を纏い、水鏡と戦った。	ひるこわみぎてにちのけん、ひだりてに、ちのたてをまとい、みずかがみとたたかった	ヒルミズウミワミギテニチノケンヒダリテニチノタテヲマトイミズカガミトタタカッタ	36	39	3
BASIC5000_4343	其の中より生じた故、爛火を奉り候。	そのなかよりしょーじたゆえ、らんかをたてまつりそーろー	ソノナカヨリショージタユエタダレヒヲマツリコー	25	22	-3
BASIC5000_4432	ダンゲルと同様に、失敗したりしたり、時にはジャネラの意志でヘルメット部が絞まる形で激しい苦痛を与えられる。	だんげるとどーよーに、しっぱいしたり、ときにわじゃねらのいしでへるめっとぶがしまるかたちではげしーくつーをあたえられる	ダンゲルトドーヨーニシッパイシタリシタリトキニワジャネラノイシデヘルメットブガシマルカタチデハゲシイクツーヲアタエラレル	56	59	3
BASIC5000_4464	その強さゆえに、名剣ですら剣の方が保たずに度々戦闘中に剣が折れてしまい、彼も、自身の力に耐えられる剣が無いことを、多少なりとも憂いている。	そのつよさゆえに、めーけんですらけんのほーがたもたずにたびたびせんとーちゅーにけんがおれてしまい、かれも、じしんのちからにたえられるけんがないことを、たしょーなりともうれいている	ソノツヨサユエニメーケンデスラケンノホーガタモタズニドドセントーチューニケンガオレテシマイカレモジシンノチカラニタエラレルケンガナイコトヲタショーナリトモウイテイル	83	80	-3
BASIC5000_4733	摂政は、天皇に代わって政を司った。	せっしょーわ、てんのーにかわって、まつりごとをつかさどった	セッショーワテンノーニカワッテセーヲツカサドッタ	26	23	-3
BASIC5000_4954	私は冷静でいようとしたが、とうとう堪忍袋の緒が切れた。	わたしわれーせーでいよーとしたが、とーとーかんにんぶくろのおがきれた	ワタシワレーセーデイヨートシタガトートーカンニンブクロノイトグチガキレタ	33	36	3
BASIC5000_0031	語の古い意味が、現在の基本的な意味であるとは限らない。	ごのふるいいみが、げんざいのきほんてきないみであるとわかぎらない	カタリノフルイイミガゲンザイノキホンテキナイミデアルトワカギラナイ	31	33	2
BASIC5000_0189	見た目には優しそうだけど、彼って皆から、外柔内剛の、結構なタフネゴシエータと言われているよ。	みためにわやさしそーだけど、かれってみんなから、がいじゅーないごーの、けっこーなたふねごしえーたーといわれているよ？	ミタメニワヤサシソーダケドカレッテミナカラガイジューナイゴーノケッコーナタフネゴシエータトイワレテイルヨ	53	51	-2
BASIC5000_0260	鎖の強さは、その環の一番弱いところに左右される。	くさりのつよさわ、そのわのいちばんよわいところにさゆーされる	クサリノツヨサワソノタマキノイチバンヨワイトコロニサユーサレル	29	31	2
BASIC5000_0326	潜水夫は、危険なく真珠を集めることができる。	せんすいふわ、きけんなくしんじゅをあつめることができる	センスイオットワキケンナクシンジュヲアツメルコトガデキル	25	27	2
BASIC5000_0538	しかし今日では、計算機は学校の試験では自由に使うことが出来るし、数学の試験の時に聞こえる音といえば、子供たちが計算機を叩く音しかしない、という学校も多い。	しかしこんにちでわ、けーさんきわがっこーのしけんでわじゆーにつかうことができるし、すーがくのしけんのときにきこえるおとといえば、こどもたちがけーさんきをたたくおとしかしない、とゆーがっこーもおーい	シカシキョーデワケーサンキワガッコーノシケンデワジユーニツカウコトガデキルシスーガクノシケンノトキニキコエルオトトイエバコドモタチガケーサンキヲタタクオトシカシナイトイウガッコーモオーイ	94	92	-2
BASIC5000_0550	佐渡さんは、魅力的な個性の持ち主なのに、その価値が分からず、自分を好まない。	さどさんわ、みりょくてきなこせーのもちぬしなのに、そのかちがわからず、じぶんをこのまない	サワタリサンワミリョクテキナコセーノモチヌシナノニソノカチガワカラズジブンヲコノマナイ	40	42	2
BASIC5000_0584	雨露を十分しのげるように、ペンキを二回塗るべきだ。	あめつゆをじゅーぶんしのげるよーに、ぺんきをにかいぬるべきだ	ウロヲジューブンシノゲルヨーニペンキヲニカイヌルベキダ	28	26	-2
BASIC5000_0900	栗鼠が激しい風に逆らって進すんでいた。	りすがはげしーかぜにさからってすすんでいた	リスガハゲシイカゼニサカラッテススンスンデイタ	21	23	2
BASIC5000_0912	４１８号室に行く途中、彼は、次のように思い始めました。	よんいちはちごーしつにいくとちゅー、かれわ、つぎのよーにおもいはじめました	ヨンヒャクジューハチゴーシツニイクトチューカレワツギノヨーニオモイハジメマシタ	34	36	2
BASIC5000_0981	下線を引いた語を、正しい形にしなさい。	かせんをひーたごを、ただしーかたちにしなさい	カセンヲヒイタカタリヲタダシイカタチニシナサイ	21	23	2
BASIC5000_1284	未知の語に出会った時には、辞書で調べなければならない。	みちのごにであったときにわ、じしょでしらべなければならない	ミチノカタリニデアッタトキニワジショデシラベナケレバナラナイ	27	29	2
BASIC5000_1365	大工が息子に、鶏小屋を造ってやるのは、いたって簡単なことである。	だいくがむすこに、とりごやをつくってやるのわ、いたってかんたんなことである	ダイクガムスコニニワトリコヤヲツクッテヤルノワイタッテカンタンナコトデアル	35	37	2
BASIC5000_1867	本来は、貧困層の女性や、子供に医療保護を提供するために創設された制度である、アメリカ低所得者、医療扶助制度が、今日では、その予算の、約３分の１を、老人に費やしている。	ほんらいわ、ひんこんそーのじょせーや、こどもにいりょーほごをてーきょーするためにそーせつされたせーどである、あめりかてーしょとくしゃ、いりょーふじょせーどが、こんにちでわ、その、よさんの、やくさんぶんのいちを、ろーじんについやしている	ホンライワヒンコンソーノジョセーヤコドモニイリョーホゴヲテーキョースルタメニソーセツサレタセードデアルアメリカテーショトクシャイリョーフジョセードガキョーデワソノヨサンノヤクサンプンノイチヲロージンニツイヤシテイル	101	99	-2
BASIC5000_1986	英日の翻訳と、日英の翻訳では、英日の翻訳を希望する人のほうが、多いようです。	えーにちのほんやくと、にちえーのほんやくでわ、えーにちのほんやくをきぼーするひとのほーが、おーいよーです	エービノホンヤクトニチエーノホンヤクデワエービノホンヤクヲキボースルヒトノホーガオーイヨーデス	49	47	-2
BASIC5000_2101	何、彼に、援助を求めるだけでいいさ。	なに、かれに、えんじょをもとめるだけでい	ナニカレニエンジョヲモトメルダケデイイサ	17	19	2
BASIC5000_2167	勤労によって、日本は、今日の日本になった。	きんろーによって、にっぽんわ、こんにちのにっぽんになった	キンローニヨッテニッポンワキョーノニッポンニナッタ	26	24	-2
BASIC5000_2313	適切な語がないかと、あらゆる辞書を調べた。	てきせつなごがないかと、あらゆるじしょをしらべた	テキセツナカタリガナイカトアラユルジショヲシラベタ	22	24	2
BASIC5000_2714	建雄は、ポケットに手を入れて、券を探した。	たけおわ、ぽけっとにてをいれて、けんをさがした	タテツヨシワポケットニテヲイレテケンヲサガシタ	21	23	2
BASIC5000_2800	百合が、雨のために打ち倒されてしまった。	ゆりが、あめのためにうちたおされてしまった	ヒャクゴーガアメノタメニウチタオサレテシマッタ	20	22	2
BASIC5000_3018	父母の慈愛や、人々のまごころの恩を暖かく受けとめて、礼と義とを尊ぶ。	ふぼのじあいや、ひとびとのまごころのおんを、あたたかくうけとめて、れーとぎとをとーとぶ	チチハハノジアイヤヒトビトノマゴコロノオンヲアタタカクウケトメテレートギトヲトートブ	40	42	2
BASIC5000_3026	隔壁音波発生装置を、一定の周期で出しており、この隔壁音波を出している間は、鬼達の音撃を、無力化する。	かくへきおんぱはっせーそーちを、いってーのしゅーきでだしており、このかくへきおんぱをだしているあいだわ、おにたちのおんげきを、むりょくかする	カクヘキオンパハッセーソーチヲイッテーノシューキデダシテオリコノカクヘキオンパヲダシテイルアイダワオニタチノオト撃ヲムリョクカスル	64	62	-2
BASIC5000_3082	戦闘スタイルは、主に厚底のブーツを生かしての足技と、拳による掌底で、回し蹴りなどの攻撃技をはじめ、厚い厚底を生かしての防御など、多種多様な足技を使いこなす。	せんとーすたいるわ、おもにあつぞこのぶーつをいかしてのあしわざと、こぶしによるしょーてーで、まわしげりなどのこーげきわざをはじめ、あついあつぞこを、いかしてのぼーぎょなど、たしゅたよーなあしわざをつかいこなす	セントースタイルワオモニアツゾコノブーツヲイカシテノアシワザトコブシニヨルテノヒラソコデマワシゲリナドノコーゲキワザヲハジメアツイアツゾコヲイカシテノボーギョナドタシュタヨーナアシワザヲツカイコナス	95	97	2
BASIC5000_3128	魚人空手は水中でも、陸上と変わらない絶大な威力を持ち、技によっては、水中のほうが威力が増すという。	ぎょじんからてわすいちゅーでも、りくじょーとかわらないぜつだいないりょくをもち、わざによってわ、すいちゅーのほーが、いりょくがますとゆー	サカナジンカラテワスイチューデモリクジョートカワラナイゼツダイナイリョクヲモチワザニヨッテワスイチューノホーガイリョクガマストイウ	58	60	2
BASIC5000_3177	律令法においては、嫡男はあくまでも蔭位のための規則に過ぎず、氏長者継承の条件としての意味は全くなかった。	りつりょーほーにおいてわ、ちゃくなんわ、あくまでも、おんいのためのきそくにすぎず、うじのちょーじゃけーしょーのじょーけんとしてのいみわまったくなかった	リツリョーホーニオイテワチャクナンワアクマデモカゲイノタメノキソクニスギズシチョージャケーショーノジョーケントシテノイミワマッタクナカッタ	65	63	-2
BASIC5000_3187	風を感じる間もないため、柳の体術でも防ぐことができない。	かぜをかんじるまもないため、やなぎのたいじゅつでもふせぐことができない	カゼヲカンジルアイダモナイタメヤナギノタイジュツデモフセグコトガデキナイ	33	35	2
BASIC5000_3196	仰に少し似た顔立ちで、彼自身も仰を信頼している。	ぎょーにすこしにたかおだちで、かれじしんもぎょーをしんらいしている	オーセニスコシニタカオダチデカレジシンモオーセヲシンライシテイル	30	32	2
BASIC5000_3215	維盛入水の噂は都にも届き、親交のあった建礼門院、右京大夫はその死を悼む歌を詠んでいる。	これもりじゅすいのうわさわみやこにもとどき、しんこーのあったけんれーもんいん、うきょーのだいぶわ、そのしをいたむうたをよんでいる	コレモリジュスイノウワサワトニモトドキシンコーノアッタケンレーモンインウキョーノダイブワソノシヲイタムウタヲヨンデイル	59	57	-2
BASIC5000_3302	しかし、現在では、動物界との系統関係は否定され、むしろ、単細胞藻類であ毛藻類、マラリア原虫を含むアピコンプレクサとごく近いことが分かっている。	しかし、げんざいでわ、どーぶつかいとのけーとーかんけーわひてーされ、むしろ、たんさいぼーそーるいである、もーそーるい、まらりあげんちゅーをふくむ、あぴこんぷれくさとごくちかいことがわかっている	シカシゲンザイデワドーブツカイトノケートーカンケーワヒテーサレムシロタンサイボーソールイデアケソールイマラリアゲンチューヲフクムアピコンプレクサトゴクチカイコトガワカッテイル	88	86	-2
BASIC5000_3307	皇妃となった姉を怨霊で失っており、また近衛少将と言う立場から、怨霊を取り除く方法を求めている。	こーひとなったあねをおんりょーでうしなっており、また、このえしょーしょーとゆーたちばから、おんりょーをとりのぞくほーほーをもとめている	スメラギヒトナッタアネヲオンリョーデウシナッテオリマタコノエショーショートイウタチバカラオンリョーヲトリノゾクホーホーヲモトメテイル	60	62	2
BASIC5000_3337	その出来事故に、ジンガは年下のフリードを最も尊敬する人物として慕うようになった。	そのできごとゆえに、じんがわとししたのふりーどをもっともそんけーするじんぶつとしてしたうよーになった	ソノデキジコニジンガワトシシタノフリードヲモットモソンケースルジンブツトシテシタウヨーニナッタ	49	47	-2
BASIC5000_3357	風で散らばった重要書類などを探し出す為の道具で、首から提げる箱形の機体と、先に円盤型のセンサーを付けた竿が、コードでつながった形状。	かぜでちらばったじゅーよーしょるいなどをさがしだすためのどーぐで、くびからさげるはこがたのきたいと、さきに、えんばんがたのせんさーをつけたさおが、こーどでつながったけーじょー	カゼデチラバッタジューヨーショルイナドヲサガシダスタメノドーグデクビカラヒッサゲルハコガタノキタイトサキニエンバンガタノセンサーヲツケタザオガコードデツナガッタケージョー	80	82	2
BASIC5000_3368	しかし、同族の旗本が存在し、１２００石を知行して、荒川村に陣屋を構えた。	しかし、どーぞくのはたもとがそんざいし、いっせんにひゃくごくをちぎょーして、あらかわむらに、じんやをかまえた	シカシドーゾクノハタモトガソンザイシセンニヒャッセキヲチギョーシテアラカワムラニジンヤヲカマエタ	48	46	-2
BASIC5000_3436	喚起魔法では、弟の幹比古が勝っているといわれているが、兄弟仲は良好。	かんきまほーでわ、おとーとのみきひこがまさっているといわれているが、きょーだいなかわりょーこー	カンキマホーデワオトートノミキヒイニシエガカッテイルトイワレテイルガキョーダイナカワリョーコー	43	45	2
BASIC5000_3443	魂柱により音が裏板まで振動し、楽器全体に音が響くようになる。	たまばしらにより、おとがうらいたまでしんどーし、がっきぜんたいに、おとがひびくよーになる	タマシーバシラニヨリオトガウライタマデシンドーシガッキゼンタイニオトガヒビクヨーニナル	41	43	2
BASIC5000_3457	私は村にいる時、彼の盗みの手下になったことがあったために、私が黙って都へ立去ったことを彼は憤慨しているらしかった。	わたしわむらにいるとき、かれのぬすみのてしたになったことがあったために、わたしがだまってみやこえたちさったことを、かれわふんがいしているらしかった	ワタシワムラニイルトキカレノヌスミノテシタニナッタコトガアッタタメニワタシガダマッテトエタチサッタコトヲカレワフンガイシテイルラシカッタ	70	68	-2
BASIC5000_3460	銘酒仙醸の醸造元として、社長職にあった。	めーしゅせんじょーのじょーぞーもととして、しゃちょーしょくにあった	メーシュセン醸ノジョーゾーモトトシテシャチョーショクニアッタ	26	24	-2
BASIC5000_3589	花は小型で、唇弁の内側に毛は無い。	はなわこがたで、しんべんのうちがわにけわない	ハナワコガタデクチビルベンノウチガワニケワナイ	21	23	2
BASIC5000_3593	趙軍襲来時には、飛信隊で第三伍長となるが、野営中に突如として来襲した龐煖によって、殺害された。	ちょーぐんしゅーらいじにわ、ひしんたいで、だいさんごちょーとなるが、やえーちゅーに、とつじょとしてらいしゅーした、ほーけんによって、さつがいされた	チョーグンシューライジニワヒシンタイデダイサンゴチョートナルガヤエーチューニトツジョトシテライシューシタホー煖ニヨッテサツガイサレタ	61	59	-2
BASIC5000_3608	集落の小さな社だが、今に伝わる由緒から、縁結びや安産などのご利益があるとされる。	しゅーらくのちーさなやしろだが、いまにつたわるゆいしょから、えんむすびや、あんざんなどのごりやくがあるとされる	シューラクノチーサナシャダガイマニツタワルユイショカラエンムスビヤアンザンナドノゴリヤクガアルトサレル	50	48	-2
BASIC5000_3631	家族に伝わる話では、残っているものも、畑の畝の間に埋められ、穀物が植えられているかのように見せていた。	かぞくにつたわるはなしでわ、のこっているものも、はたけのうねのまにうめられ、こくもつが、うえられているかのよーにみせていた	カゾクニツタワルハナシデワノコッテイルモノモハタケノウネノアイダニウメラレコクモツガウエラレテイルカノヨーニミセテイタ	57	59	2
BASIC5000_3691	乗っている避難民の中には、臼井儀人の姿もある。	のっているひなんみんのなかにわ、うすいよしとのすがたもある	ノッテイルヒナンミンノナカニワウスイタダシジンノスガタモアル	28	30	2
BASIC5000_3696	ただし浅頭筋などにみられる皮筋や、舌や咽頭、横隔膜のような内臓筋の一部も骨格を支えているわけではないが、骨格筋組織である横紋筋である。	ただし、せんとーきんなどにみられるひきんや、したやいんとー、おーかくまくのよーなないぞーきんのいちぶもこっかくをささえているわけでわないが、こっかくきんそしきである、おーもんきんである	タダシアサアタマスジナドニミラレルカワスジヤシタヤイントーオーカクマクノヨーナナイゾースジノイチブモコッカクヲササエテイルワケデワナイガコッカクスジソシキデアルヨコモンスジデアル	87	89	2
BASIC5000_3724	法華宗真門流の寺院に関するカテゴリ。	ほっけしゅーしんもんりゅーのじーいんにかんするかてごり	ホッケシューマモンリューノジインニカンスルカテゴリ	25	23	-2
BASIC5000_3775	術者が疲れ切ると銀盤は黒く曇り、体力を大きく損ない、ひと月は能力枯渇で使い物にならなくとされる。	じゅつしゃがつかれきるとぎんばんわくろくくもり、たいりょくを、おーきくそこない、ひとつきわのーりょくこかつでつかいものにならなくなるとされる	ジュツシャガツカレキルトギンバンワクロククモリタイリョクヲオーキクソコナイヒトツキワノーリョクコカツデツカイモノニナラナクトサレル	63	61	-2
BASIC5000_3827	ただし、地魚のみで地域全体を賄うのは不可能であるため、地産地消がもっとも向いているとされる。	ただし、じざかなのみでちーきぜんたいをまかなうのわふかのーであるため、ちさんちしょーがもっともむいているとされる	タダシチギョノミデチイキゼンタイヲマカナウノワフカノーデアルタメチサンチケシガモットモムイテイルトサレル	53	51	-2
BASIC5000_3851	また、五硫化二リンや、ローソン試薬のような、カルボニル基を、チオカルボニル基に変換する試薬を共存させると、チオフェンが得られる。	また、ごりゅーかにりんや、ろーそんしやくのよーな、かるぼにるきを、ちおかるぼにるきにへんかんするしやくをきょーぞんさせると、ちおふぇんがえられる	マタゴリューカニリンヤローソンシヤクノヨーナカルボニルモトヲチオカルボニルモトニヘンカンスルシヤクヲキョーゾンサセルトチオフェンガエラレル	64	66	2
BASIC5000_3898	違法改造や、恐喝をおおっぴらに行っている。	いほーかいぞーや、きょーかつを、おーっぴらにおこなっている	イホーカイゾーヤキョーカツヲオーッピラニイッテイル	26	24	-2
BASIC5000_3945	禁軍地方軍二十万の攻撃時に、野戦を続ける董平軍のために、必死で兵糧を集めるが、宋軍の攻撃を受け負傷、楽和の救援を受けるも、息を引き取る。	きんぐんちほーぐんにじゅーまんのこーげきじに、やせんをつずけるとーへーぐんのために、ひっしでひょーろーをあつめるが、そーぐんのこーげきをうけふしょー、らくわのきゅーえんをうけるも、いきをひきとる	キングンチホーグンニジューマンノコーゲキジニヤセンヲツズケルタダシタイラグンノタメニヒッシデヒョーローヲアツメルガソーグンノコーゲキヲウケフショーラクワノキューエンヲウケルモイキヲヒキトル	88	90	2
BASIC5000_3982	讃岐国守護職を務めており、この守護職は、宝治合戦で衰亡した三浦氏を譲渡されたものだという。	さぬきこくしゅごしょくをつとめており、このしゅごしょくわ、ほーじがっせんですいぼーした、みうらしをじょーとされたものだとゆー	サヌキコクシュゴショクヲツトメテオリコノシュゴショクワホージカッセンデスイボーシタミウラシヲユズリワタサレタモノダトイウ	54	56	2
BASIC5000_4004	彼の呪紋により、巻き込まれたラーカー共々ぐちゃぐちゃになり死亡した。	かれのじゅもんにより、まきこまれたらーかーともどもぐちゃぐちゃになりしぼーした	カレノノロイモンニヨリマキコマレタラーカートモドモグチャグチャニナリシボーシタ	35	37	2
BASIC5000_4051	既に学問は一通り終えてしまったらしく、療の代わりに症例を解説して、人を諭すことと発明が得意。	すでにがくもんわひととーりおえてしまったらしく、りょーのかわりにしょーれーをかいせつして、ひとをさとすこととはつめーがとくい	スデニガクモンワヒトトーリオエテシマッタラシク療ノカワリニショーレーヲカイセツシテヒトヲサトスコトトハツメーガトクイ	58	56	-2
BASIC5000_4054	校区は、倉吉市立成徳小学校、倉吉市立灘手小学校、倉吉市立上灘小学校の全域、倉吉市立社小学校の一部となっている。	こーくわ、くらよししりつせーとくしょーがっこー、くらよししりつなだてしょーがっこー、くらよししりつうわなだしょーがっこーのぜんいき、くらよししりつやしろしょーがっこーのいちぶとなっている	コークワクラヨシシリツシゲノリショーガッコークラヨシシリツナダシュショーガッコークラヨシシリツウワナダショーガッコーノゼンイキクラヨシシリツシャショーガッコーノイチブトナッテイル	85	83	-2
BASIC5000_4059	手押し相撲ではアメリカ代表に惜敗、羽根突きでは日本代表がアメリカ代表が掟破りといえるスマッシュを繰り出すなどで苦しめられ完敗、しりとりは日本代表の完勝。	ておしずもーでわあめりかだいひょーにせきはい、はねつきでわにほんだいひょーがあめりかだいひょーがおきてやぶりといえるすまっしゅをくりだすなどでくるしめられかんぱい、しりとりわにほんだいひょーのかんしょー	テオシスモーデワアメリカダイヒョーニセキハイハネツキデワニッポンダイヒョーガアメリカダイヒョーガオキテヤブリトイエルスマッシュヲクリダスナドデクルシメラレカンパイシリトリワニッポンダイヒョーノカンショー	93	95	2
BASIC5000_4072	もし問題の値自体が境界において定まるなら、そのような境界条件は、ディリクレ境界条件と呼ばれる。	もしもんだいのあたいじたいがきょーかいにおいてさだまるなら、そのよーなきょーかいじょーけんわ、でぃりくれきょーかいじょーけんとよばれる	モシモンダイノネジタイガキョーカイニオイテサダマルナラソノヨーナキョーカイジョーケンワディリクレキョーカイジョーケントヨバレル	59	57	-2
BASIC5000_4104	そして気が引けたのか、自分が行けないのなら、太郎冠者が代わりにお供をすることになるのだろうと察した伯父は、太郎冠者に門出の酒をふるまい、祝儀に素袍を与える。	そしてきがひけたのか、じぶんがいけないのなら、たろーかじゃがかわりにおともをすることになるのだろーとさっしたおじわ、たろーかじゃにかどでのさけをふるまい、しゅーぎにすおーをあたえる	ソシテキガヒケタノカジブンガイケナイノナラタローカンジャガカワリニオトモヲスルコトニナルノダロートサッシタオジワタローカンジャニカドデノサケヲフルマイシューギニスオーヲアタエル	83	85	2
BASIC5000_4157	その武力は抜きん出たものがあり、自ら占卜しては、自分はいずれ富貴になる身だ、と豪語していた。	そのぶりょくわぬきんでたものがあり、みずからせんぼくしてわ、じぶんわ、いずれふーきになるみだと、ごーごしていた	ソノブリョクワヌキンデタモノガアリミズカラウラナイボクシテワジブンワイズレフーキニナルミダトゴーゴシテイタ	50	52	2
BASIC5000_4174	才色兼備で、男女問わず金玉全校の憧れの女生徒だが、他人に見られていないところでは、かなり蓮っ葉な性格が出がちになる。	さいしょくけんびで、だんじょとわずきんぎょくぜんこーのあこがれのじょせーとだが、たにんにみられていないところでわ、かなりはすっぱなせーかくがでがちになる	サイショクケンビデダンジョトワズキンギョクゼンコーノアコガレノオンナセートダガタニンニミラレテイナイトコロデワカナリハスッパナセーカクガデガチニナル	69	71	2
BASIC5000_4244	上衣下の乾酪化病巣から、結核菌と結核菌抗原が、くも膜下腔へと放出されると、髄膜炎が生じる。	じょーいかのかんらくかびょーそーから、けっかくきんとけっかくきんこーげんが、くもまっかくーえとほーしゅつされると、ずいまくえんがしょーじる	ウワギカノカンラクカビョーソーカラケッカクキントケッカクキンコーゲンガクモマクカ腔エトホーシュツサレルトズイマクエンガショージル	62	60	-2
BASIC5000_4373	こちらもメッキ上の加工によるもので、一重のみ、直刃と乱刃の物が多い。	こちらもめっきじょーのかこーによるもので、ひとえのみ、ちょくはとらんはのものがおーい	コチラモメッキジョーノカコーニヨルモノデイチジューノミチョクハトランジンノモノガオーイ	38	40	2
BASIC5000_4389	動員数が増えた場合は、ほとぼりが冷めるまでそのエリアに近付かなければ良いが、その間は、他のエリアの警備が手薄になる場合もある。	どーいんすーがふえたばーいわ、ほとぼりがさめるまでそのえりあにちかずかなければよいが、そのあいだわ、ほかのえりあのけーびがてうすになるばーいもある	ドーインスーガフエタバアイワホトボリガサメルマデソノエリアニチカズカナケレバヨイガソノカンワタノエリアノケービガテウスニナルバアイモアル	70	68	-2
BASIC5000_4401	汗明軍を見事に率いる手腕を持っており、汗明が討死した後も奮戦した。	かんめーぐんをみごとにひきいるしゅわんをもっており、かんめーがうちじにしたのちもふんせんした	アセアカリグンヲミゴトニヒキイルシュワンヲモッテオリアセアカリガウチジニシタアトモフンセンシタ	44	46	2
BASIC5000_4433	正円孔は、三叉神経第二枝である、上顎神経が通る。	せーえんこーわ、さんさしんけーだいにしである、じょーがくしんけーがとーる	セーエンアナワミツマタシンケーダイニエダデアルジョーガクシンケーガトール	33	35	2
BASIC5000_4447	既に釈迦の仏法を聴聞して慈悲心に満ちた、ビンビサーラが、妃のこの態度に心を痛め、一計を案じて、仏前に連れ出した。	すでにしゃかのぶっぽーをちょーもんしてじひしんにみちた、びんびさーらが、きさきのこのたいどにこころをいため、いっけーをあんじて、ぶつぜんにつれだした	スデニシャカノブッポーヲチョーモンシテジヒシンニミチタビンビサーラガヒノコノタイドニココロヲイタメイッケーヲアンジテブツゼンニツレダシタ	68	66	-2
BASIC5000_4449	直刀が引き取られる以前から冬峰に師事しており、もう一人の直刀の存在も知っている。	ちょくとーがひきとられるいぜんからふゆほーにしじしており、もーひとりのちょくとーのそんざいもしっている	チョクカタナガヒキトラレルイゼンカラフユホーニシジシテオリモーヒトリノチョクカタナノソンザイモシッテイル	48	50	2
BASIC5000_4471	それゆえ、人前で気後れすることが多く、結希を巡るライバルたちの面前で、萎縮してしまうこともしばしば。	それゆえ、ひとまえできおくれすることがおーく、ゆきをめぐるらいばるたちのめんぜんで、いしゅくしてしまうこともしばしば	ソレユエヒトマエデキオクレスルコトガオークユイマレヲメグルライバルタチノメンゼンデイシュクシテシマウコトモシバシバ	54	56	2
BASIC5000_4510	夏の暑さをの割り切るには、クーラーよりも扇風機が身体には良い。	なつのあつさをわりきるにわ、くーらーよりもせんぷーきがからだにわいー	ナツノアツサヲノワリキルニワクーラーヨリモセンプーキガシンタイニワヨイ	33	35	2
BASIC5000_4649	曇りなき眼で物事を見る。	くもりなきまなこでものごとをみる	クモリナキメデモノゴトヲミル	16	14	-2
BASIC5000_4654	犬が猫と戯れる様子を微笑みながら見ていた。	いぬがねことたわむれるよーすを、ほほえみながらみていた	イヌガネコトザレルヨースヲホホエミナガラミテイタ	26	24	-2
BASIC5000_4669	二十歳の時に、師匠の薫陶を受ける。	はたちのときに、ししょーのくんとーをうける	ニジュッサイノトキニシショーノクントーヲウケル	19	21	2
BASIC5000_4701	去年の地震でお社が、大きな被害をうけた。	きょねんのじしんでおやしろが、おーきなひがいをうけた	キョネンノジシンデオシャガオーキナヒガイヲウケタ	24	22	-2
BASIC5000_4741	コーヒー豆は、煎ることで、苦味やコクが増す。	こーひーまめわ、いることで、にがみやこくがます	コーヒーマメワセンジルコトデニガミヤコクガマス	21	23	2
BASIC5000_4780	三人は杯を交わし、義兄弟の誓を立てた。	さんにんわさかずきをかわし、ぎきょーだいのちかいをたてた	サンニンワハイヲカワシギキョーダイノチカイヲタテタ	26	24	-2
BASIC5000_4836	陵とは、偉人達の墓のことを言う。	みささぎとわ、いじんたちのはかのことをゆー	リョートワイジンタチノハカノコトヲイウ	20	18	-2
BASIC5000_0007	許可書がなければここへは入れない。	きょかしょがなければここえわはいれない	キョカショガナケレバココエワイレナイ	17	16	-1
BASIC5000_0011	木曽川は、しばしば日本のライン川と呼ばれている。	きそがわわ、しばしばにほんのらいんがわとよばれている	キソガワワシバシバニッポンノラインガワトヨバレテイル	25	26	1
BASIC5000_0030	外人が日本食に慣れることはむずかしい。	がいじんがにほんしょくになれることわむずかしい	ガイジンガニッポンショクニナレルコトワムズカシイ	22	23	1
BASIC5000_0035	容姿端麗、頭脳明晰、運動神経抜群、家は金持ちで、ついでに学生会の副会長をしてたりもする、いわゆる、パーフェクトな奴だ。	よーしたんれい、ずのーめいせき、うんどーしんけーばつぐん、いえわかねもちで、ついでにがくせーかいのふくかいちょーをしてたりもする、いわゆる、ぱーふぇくとなやつだ	ヨーシタンレーズノーメーセキウンドーシンケーバツグンイエワカネモチデツイデニガクセーカイノフクカイチョーヲシテタリモスルイワユルパーフェクトナヤッコダ	72	73	1
BASIC5000_0037	傍目八目という言葉があるように一度協会から離れて、日本サッカーをみて頂きたい。	はためはちもくとゆーことばがあるよーに、いちどきょーかいからはなれて、にほんさっかーをみていただきたい	ハタメハチモクトイウコトバガアルヨーニイチドキョーカイカラハナレテニッポンサッカーヲミテイタダキタイ	48	49	1
BASIC5000_0050	気に入ろうが入るまいが、君は行かねばならない。	きにいろーがいるまいが、きみわいかねばならない	キニイローガハイルマイガキミワイカネバナラナイ	22	23	1
BASIC5000_0097	ガンは、ある種のウイルスと関係があるかもしれない。	がんわ、あるしゅのういるすとかんけーがあるかもしれない	ガンワアルタネノウイルストカンケーガアルカモシレナイ	25	26	1
BASIC5000_0139	恐縮ですが、２月２７日の約束を、キャンセルさせてください。	きょーしゅくですが、にがつにじゅーなのかのやくそくを、きゃんせるさせてください	キョーシュクデスガニガツニジューシチニチノヤクソクヲキャンセルサセテクダサイ	33	34	1
BASIC5000_0143	間もなく風呂は、彼が入れるほどぬるくなりました。	まもなくふろわ、かれがはいれるほどぬるくなりました	マモナクフロワカレガイレルホドヌルクナリマシタ	24	23	-1
BASIC5000_0174	飢え死にするくらいなら、溺れ死んだほうがましだ。	うえじにするくらいなら、おぼれしんだほーがましだ	ウエジニニスルクライナラオボレシンダホーガマシダ	23	24	1
BASIC5000_0185	現金払いには、１０パーセント割引いたします。	げんきんばらいにわ、じゅっぱーせんとわりびきいたします	ゲンキンバライニワジュッパーセントワリビイタシマス	25	24	-1
BASIC5000_0304	一面の黄色は、どう繁茂したのか見当もつかない、ヒマワリの群れだ。	いちめんのきーろわ、どーはんもしたのかけんとーもつかない、ひまわりのむれだ	イチメンノオーショクワドーハンモシタノカケントーモツカナイヒマワリノムレダ	35	36	1
BASIC5000_0372	ベティがパーティーに来た最初の女の子だった。	べてぃーがぱーてぃーにきたさいしょのおんなのこだった	ベティガパーティーニキタサイショノオンナノコダッタ	23	22	-1
BASIC5000_0376	移転にともない、５月３０日、３１日は、休業いたします。	いてんにともない、ごがつさんんじゅーにち、さんじゅーいちにちわ、きゅーぎょーいたします	イテンニトモナイゴガツサンジューニチサンジューイチニチワキューギョーイタシマス	36	35	-1
BASIC5000_0385	豚の気持ちがよく解る、食いっぱぐれはないが、飢えている。	ぶたのきもちがよくわかる、くいっぱぐれわないが、うえている	ブタノキモチガヨクホドケルクイッパグレワナイガウエテイル	27	28	1
BASIC5000_0444	まぁかわいい赤ちゃん、私にも抱かせてくれますか。	まーかわいーあかちゃん、わたしにもだかせてくれますか？	マーカワイイアカチャンワタシニモイダカセテクレマスカ	24	25	1
BASIC5000_0448	軟木の絶縁された部屋、およびよいヒーターは、サウナのための絶対必要である。	なんぼくのぜつえんされたへや、およびよいひーたーわ、さうなのためのぜったいひつよーである	ヤワキノゼツエンサレタヘヤオヨビヨイヒーターワサウナノタメノゼッタイヒツヨーデアル	42	41	-1
BASIC5000_0459	道端には、白や黄色の花が咲いていました。	みちばたにわ、しろやきーろのはながさいていました	ミチバタニワシロヤオーショクノハナガサイテイマシタ	23	24	1
BASIC5000_0520	ガブリエルは、熱いスープとシェリー酒を少し飲んだだけだった。	がぶりえるわ、あついすーぷとしぇりーしゅをすこしのんだだけだった	ガブリエルワアツイスープトシェリーサケヲスコシノンダダケダッタ	29	30	1
BASIC5000_0544	うがい薬でたびたびうがいをしてください。	うがいぐすりでたびたびうがいをしてください	ウガイヤクデタビタビウガイヲシテクダサイ	21	20	-1
BASIC5000_0546	がまんするのが難しいのは、彼の度を超した丁重さである。	がまんするのがむずかしーのわ、かれのどをこしたてーちょーさである	ガマンスルノガムズカシイノワカレノタビヲコシタテーチョーサデアル	30	31	1
BASIC5000_0553	がいしゅつするよりかは、むしろ家にいたい。	がいしゅつするよりかわ、むしろいえにいたい	ガイシュツスルヨリカワムシロカニイタイ	19	18	-1
BASIC5000_0555	駐仏日本大使は誰だか知っていますか。	ちゅーふつにほんたいしわだれだかしっていますか？	チューフツニッポンタイシワダレダカシッテイマスカ	22	23	1
BASIC5000_0581	一目で、今朝は彼が、最高のおしゃれをしていることに気がついた。	ひとめで、けさわかれが、さいこーのおしゃれをしていることにきがついた	イチモクデケサワカレガサイコーノオシャレヲシテイルコトニキガツイタ	31	32	1
BASIC5000_0590	汚しさえしなければ、本を家に持ってかえっていい。	よごしさえしなければ、ほんをいえにもってかえっていー	キタナシサエシナケレバホンヲイエニモッテカエッテイイ	25	26	1
BASIC5000_0598	南諸島のコミュニティの中には、まったくの正反対の血縁関係のパターンが、観察されるであろう。	みなみしょとーのこみゅにてぃーのなかにわ、まったくのせーはんたいのけつえんかんけーのぱたーんが、かんさつされるであろー	ミナミショトーノコミュニティノナカニワマッタクノセーハンタイノケツエンカンケーノパターンガカンサツサレルデアロー	54	53	-1
BASIC5000_0599	額が広いのは、頭がとてもいいことを表している。	ひたいがひろいのわ、あたまがとてもいーことをあらわしている	ガクガヒロイノワアタマガトテモイイコトヲアラワシテイル	28	27	-1
BASIC5000_0611	実を言うと、私達は昨年結婚しました。	じつをゆーと、わたしたちわさくねん、けっこんしました	ミヲイウトワタシタチワサクネンケッコンシマシタ	24	23	-1
BASIC5000_0733	警部、もっと警官を投入できるようになるまでは、事態を表に出さないようにしたまえ。	けーぶ、もっとけーかんをとーにゅーできるよーになるまでわ、じたいをおもてにださないよーにしたまえ	ケーブモットケーカンヲトーニューデキルヨーニナルマデワジタイヲヒョーニダサナイヨーニシタマエ	45	44	-1
BASIC5000_0737	貴女に大怪我をさせられたせいで、この子の夏休みの予定は、全部おじゃんになってしまったんですよ。	あなたにおーけがをさせられたせーで、このこのなつやすみのよてーわ、ぜんぶおじゃんになってしまったんですよ？	キジョニオーケガヲサセラレタセイデコノコノナツヤスミノヨテーワゼンブオジャンニナッテシマッタンデスヨ	49	48	-1
BASIC5000_0750	御尊父の死に、謹んで哀悼の意を表します。	ごそんぷのしに、つつしんであいとーのいをひょーします	ゴソンプノシニツツシンデアイトーノイヲアラワシマス	24	25	1
BASIC5000_0774	健君とトニー君とでは、どちらが早く走りますか。	たけるくんととにーくんとでわ、どちらがはやくはしりますか？	ケンクントトニークントデワドチラガハヤクハシリマスカ	27	26	-1
BASIC5000_0812	ご尊父のご逝去に対し、謹んで哀悼の意を表します。	ごそんぷのごせーきょにたいし、つつしんであいとーのいをひょーします	ゴソンプノゴセーキョニタイシツツシンデアイトーノイヲアラワシマス	30	31	1
BASIC5000_0869	５歳未満の小人は、入場料は要りません。	ごさいみまんのしょーにんわ、にゅーじょーりょーわいりません	ゴサイミマンノコドモワニュージョーリョーワイリマセン	24	23	-1
BASIC5000_0895	明後日のアポイントを取りたいのですが。	あさってのあぽいんとをとりたいのですが	ミョーゴニチノアポイントヲトリタイノデスガ	19	20	1
BASIC5000_1014	身体が運動を必要とするように、精神も健康であるために、刺激を必要とする。	からだがうんどーをひつよーとするよーに、せーしんもけんこーであるために、しげきをひつよーとする	シンタイガウンドーヲヒツヨートスルヨーニセーシンモケンコーデアルタメニシゲキヲヒツヨートスル	45	46	1
BASIC5000_1114	一体、何が今晩、表であんなひどい音をたてているのか、見当もつきません。	いったい、なにがこんばん、おもてであんなひどいおとをたてているのか、けんとーもつきません	イッタイナニガコンバンヒョーデアンナヒドイオトヲタテテイルノカケントーモツキマセン	41	40	-1
BASIC5000_1170	剣歯虎が絶滅したのは、氷河時代であった。	けんしこがぜつめつしたのわ、ひょーがじだいであった	ケンパトラガゼツメツシタノワヒョーガジダイデアッタ	23	24	1
BASIC5000_1200	鳶に、油揚げをさらわれたようなものだ。	とびに、あぶらあげをさらわれたよーなものだ	トンビニアブラアゲヲサラワレタヨーナモノダ	20	21	1
BASIC5000_1351	質ではこれは、あれよりはるかに勝っている。	しつでわこれわ、あれよりはるかにまさっている	シツデワコレワアレヨリハルカニカッテイル	21	20	-1
BASIC5000_1364	尾羽打ち枯らした彼の姿を見るのは忍びないね。	おばねうちがらしたかれのすがたをみるのわしのびないね？	オハウチカラシタカレノスガタヲミルノワシノビナイネ	26	25	-1
BASIC5000_1381	ご請求分の商品は欠陥品でしたので、私どもとしては、お支払いいたしかねます。	ごせーきゅーぶんのしょーひんわけっかんひんでしたので、わたくしどもとしてわ、おしはらいいたしかねます	ゴセーキューブンノショーヒンワケッカンヒンデシタノデワタシドモトシテワオシハライイタシカネマス	46	45	-1
BASIC5000_1493	自画像を描くとき、誰でも座って、じっと自分を見つめます。	じがぞーをかくとき、だれでもすわって、じっとじぶんをみつめます	ジガゾーヲエガクトキダレデモスワッテジットジブンヲミツメマス	29	30	1
BASIC5000_1517	元日に、神社へ参拝する日本人は多い。	がんじつに、じんじゃえさんぱいするにほんじんわおーい	ガンジツニジンジャエサンパイスルニッポンジンワオーイ	24	25	1
BASIC5000_1519	成り上がり者は、教養人として通用しようとした。	なりあがりものわ、きょーよーじんとしてつーよーしよーとした	ナリアガリシャワキョーヨージントシテツーヨーシヨートシタ	27	26	-1
BASIC5000_1524	最前列で、絵を描いている女の子は、私の姪です。	さいぜんれつで、えをかいているおんなのこわ、わたしのめいです	サイゼンレツデエヲエガイテイルオンナノコワワタシノメーデス	28	29	1
BASIC5000_1525	帰国者たちは、日本の生活に慣れるのに苦労している。	きこくしゃたちわ、にほんのせーかつになれるのにくろーしている	キコクシャタチワニッポンノセーカツニナレルノニクローシテイル	28	29	1
BASIC5000_1578	何分か経ったのか、それとも何時間か経ったのか、沼田先生が家に入ってきて、禎子の額に手を当てた。	なんぷんかたったのか、それともなんじかんかたったのか、ぬまたせんせーがいえにはいってきて、さだこのひたいにてをあてた	ナンプンカタッタノカソレトモナンジカンカタッタノカヌマタセンセーガイエニハイッテキテサダコノガクニテヲアテタ	55	54	-1
BASIC5000_1622	遅延便については、オリジナルの出発日に基づく、シーズナリティを適用するため、マイル差額の払い戻しはいたしません。	ちえんびんについてわ、おりじなるのしゅっぱつびにもとずく、しーずなりてぃーをてきよーするため、まいるさがくのはらいもどしわいたしません	チエンビンニツイテワオリジナルノシュッパツビニモトズクシーズナリティヲテキヨースルタメマイルサガクノハライモドシワイタシマセン	62	61	-1
BASIC5000_1641	内線２１４に出る人なら、誰でも構いません。	ないせんにーいちよんにでるひとなら、だれでもかまいません	ナイセンニヒャクジューヨンニデルヒトナラダレデモカマイマセン	27	28	1
BASIC5000_1709	忍を行じてのみ、よく怨みを解くことを得る。	しのびをぎょーじてのみ、よくうらみをとくことをえる	ニンヲギョージテノミヨクウラミヲトクコトヲエル	23	22	-1
BASIC5000_1779	ようするに、私たちの努力は、すべて無に帰した。	よーするに、わたしたちのどりょくわ、すべてむにきした	ヨースルニワタシタチノドリョクワスベテムニカエシタ	23	24	1
BASIC5000_1788	相反する理想を抱いた、二つの強力な勢力が対決するのは、最終手段の時である。	あいはんするりそーをいだいた、ふたつのきょーりょくなせーりょくがたいけつするのわ、さいしゅーしゅだんのときである	アイハンスルリソーヲダイタフタツノキョーリョクナセーリョクガタイケツスルノワサイシューシュダンノトキデアル	49	48	-1
BASIC5000_1796	天網恢恢疎にして漏らさずの言葉とおり、天罰てき面だ。	てんもーかいかいそにしてもらさずのことばどーり、てんばつてきめんだ	テンモーカイカイウトニシテモラサズノコトバトオリテンバツテキメンダ	32	33	1
BASIC5000_1862	大麦と小麦を、一目見て見分けられますか。	おーむぎとこむぎを、ひとめみてみわけられますか？	オームギトコムギヲイチモクミテミワケラレマスカ	22	23	1
BASIC5000_1908	孫娘が自分で描いたおじいさんの絵を贈ってくれた日は、おじいさんにはうれしい一日だった。	まごむすめがじぶんでかいたおじーさんのえをおくってくれたひわ、おじーさんにわうれしーいちにちだった	マゴムスメガジブンデエガイタオジーサンノエヲオクッテクレタヒワオジーサンニワウレシイイチニチダッタ	48	49	1
BASIC5000_1949	鍵がなかったら、彼女はその部屋に入れなかっただろう。	かぎがなかったら、かのじょわそのへやにはいれなかっただろー	カギガナカッタラカノジョワソノヘヤニイレナカッタダロー	27	26	-1
BASIC5000_1993	盗みをするよりも、飢え死にした方がましだ。	ぬすみをするよりも、うえじにしたほーがましだ	ヌスミヲスルヨリモウエジニニシタホーガマシダ	21	22	1
BASIC5000_2014	キビシイ先生が、生徒にその種の本を買うことを禁じました。	きびしーせんせーが、せーとにそのしゅのほんをかうことをきんじました	キビシーセンセーガセートニソノタネノホンヲカウコトヲキンジマシタ	31	32	1
BASIC5000_2031	林商店が、日本における、わが社の唯一の代理店である。	はやししょーてんが、にほんにおける、わがしゃのゆいーつのだいりてんである	ハヤシショーテンガニッポンニオケルワガシャノユイイツノダイリテンデアル	32	33	1
BASIC5000_2036	花乃、嘘泣きはたまーにやるから、効果あるんだぞ。	はなの、うそなきわたまーにやるから、こーかあるんだぞ？	ハナ乃ウソナキワタマーニヤルカラコーカアルンダゾ	24	23	-1
BASIC5000_2061	ハゲタカが突っつく死んだ鹿とか、他の動物の食べ残しとか、そういう腐った肉を死肉と書きました。	はげたかがつっつくしんだしかとか、ほかのどーぶつのたべのこしとか、そーゆーくさったにくを、しにくとかきました	ハゲタカガツッツクシンダシカトカタノドーブツノタベノコシトカソーユウクサッタニクヲシニクトカキマシタ	51	50	-1
BASIC5000_2064	効果的に、意志の疎通を図るのに、他の語学を知っているだけでは、十分ではない。	こーかてきに、いしのそつーをはかるのに、ほかのごがくをしっているだけでわ、じゅーぶんでわない	コーカテキニイシノソツーヲハカルノニタノゴガクヲシッテイルダケデワジューブンデワナイ	42	41	-1
BASIC5000_2114	風もないのに、ドアはひとりでに開いた。	かぜもないのに、どあわひとりでにあいた	カゼモナイノニドアワヒトリデニヒライタ	18	19	1
BASIC5000_2128	コルコットさんは、日本の食べ物が好きになった。	こるこっとさんわ、にほんのたべものがすきになった	コルコットサンワニッポンノタベモノガスキニナッタ	23	24	1
BASIC5000_2164	狐は、他のどんな動物よりも、ずるいということだ。	きつねわ、ほかのどんなどーぶつよりも、ずるいとゆーことだ	キツネワタノドンナドーブツヨリモズルイトイウコトダ	26	25	-1
BASIC5000_2194	恋の苦悩は、他の、あらゆる喜びよりも、遥かに甘美である。	こいのくのーわ、ほかの、あらゆるよろこびよりも、はるかにかんびである	コイノクノーワタノアラユルヨロコビヨリモハルカニカンビデアル	31	30	-1
BASIC5000_2246	彼氏が、留置所に入って、１０日経ちました。	かれしが、りゅーちじょにはいって、とーかたちました	カレシガトメオキショニハイッテトーカタチマシタ	21	22	1
BASIC5000_2265	由紀子ちゃんは、明日以降、火木金のシフトで出勤してくれればいいから。	ゆきこちゃんわ、あしたいこー、か、もく、きんのしふとでしゅっきんしてくれればいーから	ユキコチャンワアシタイコーヒキキンノシフトデシュッキンシテクレレバイイカラ	36	35	-1
BASIC5000_2341	炭素排出量の変動が、以下のグラフに描かれている。	たんそはいしゅつりょーのへんどーが、いかのぐらふにかかれている	タンソハイシュツリョウノヘンドーガイカノグラフニエガカレテイル	28	29	1
BASIC5000_2343	照明は、ツマミ一つで光量を変えられるようになっていて、好きな明るさを、演出出来るようになっている。	しょーめーわ、つまみひとつでこーりょーをかえられるよーになっていて、すきなあかるさを、えんしゅつできるよーになっている	ショーメーワツマミヒトツデヒカリリョーヲカエラレルヨーニナッテイテスキナアカルサヲエンシュツデキルヨーニナッテイル	53	54	1
BASIC5000_2389	本当にその俳優は、他のどの俳優よりも、上手にカウボーイの役をこなした。	ほんとーにそのはいゆーわ、ほかのどのはいゆーよりも、じょーずにかうぼーいのやくをこなした	ホントーニソノハイユーワタノドノハイユーヨリモジョーズニカウボーイノヤクヲコナシタ	41	40	-1
BASIC5000_2421	清水の舞台から飛び降りるつもりで勝負にでるよ。	きよみずのぶたいからとびおりるつもりで、しょーぶにでるよ	シミズノブタイカラトビオリルツモリデショーブニデルヨ	26	25	-1
BASIC5000_2428	理想を絵に描いたような男性だった。	りそーをえにかいたよーなだんせーだった	リソーヲエニエガイタヨーナダンセーダッタ	19	20	1
BASIC5000_2469	抗議することもできないうちに、僕は手錠をかけられ、留置場に送られていた。	こーぎすることもできないうちに、ぼくわてじょーをかけられ、りゅーちじょーにおくられていた	コーギスルコトモデキナイウチニボクワテジョーヲカケラレトメオキジョーニオクラレテイタ	39	40	1
BASIC5000_2493	レンタカーの乗り捨て料金はいくらだろう。	れんたかーののりすてりょーきんわいくらだろー	レンタカーノノリステテリョーキンワイクラダロー	21	22	1
BASIC5000_2534	目標を持っているという点で、彼女は他の人とは違う。	もくひょーをもっているとゆーてんで、かのじょわ、ほかのひととわちがう	モクヒョーヲモッテイルトイウテンデカノジョワタノヒトトワチガウ	30	29	-1
BASIC5000_2638	年をとり、身体も不自由であったが、彼にはその仕事をする気力があった。	としをとり、からだもふじゆーであったが、かれにわそのしごとをするきりょくがあった	トシヲトリシンタイモフジユーデアッタガカレニワソノシゴトヲスルキリョクガアッタ	37	38	1
BASIC5000_2677	雨くらいで電話が混線してたら、日本なんて大変ですよね。	あめくらいででんわがこんせんしてたら、にほんなんてたいへんですよね？	アメクライデデンワガコンセンシテタラニッポンナンテタイヘンデスヨネ	32	33	1
BASIC5000_2706	恵一、天ぷら揚がったから、皿持って来い。	けーいち、てんぷらあがったら、さら、もってこい	ケーイチテンプラアガッタカラサラモッテコイ	20	21	1
BASIC5000_2710	３隻の船が、女王から彼に与えられた。	さんせきのふねが、じょーおーからかれにあたえられた	サンセキノフネガジョオーカラカレニアタエラレタ	23	22	-1
BASIC5000_2770	只今、僕は旅立ちの日に向けて、修業中です。	ただいま、ぼくわたびだちのひにむけて、しゅぎょーちゅーです	タダイマボクワタビダチノヒニムケテシューギョーチューデス	24	25	1
BASIC5000_2774	国文法の現在形は、これからのことを示す用法が多い。	こくぶんぽーのげんざいけーわ、これからのことをしめすよーほーがおーい	コクブンポーノゲンザイカタチワコレカラノコトヲシメスヨーホーガオーイ	33	34	1
BASIC5000_2976	なるほど彼は剛速球投手だが、よく荒れる。	なるほどかれわごーそっきゅーとーしゅだが、よくあれる	ナルホドカレワツヨシソッキュートーシュダガヨクアレル	23	24	1
BASIC5000_3043	下り線から、本サービスエリアに入る際には、登坂車線を利用する必要がある。	くだりせんから、ほんさーびすえりあにはいるさいにわ、とーはんしゃせんをりよーするひつよーがある	クダリセンカラホンサービスエリアニハイルサイニワトサカシャセンヲリヨースルヒツヨーガアル	44	43	-1
BASIC5000_3044	彼等は、絵の描かれた布と合板を使って、ジープを戦車のように見せかけ、キャタピラの痕跡まで偽装する一方、戦車をトラックに見せかけたりもした。	かれらわ、えのかかれたぬのとごーはんをつかって、じーぷをせんしゃのよーにみせかけ、きゃたぴらの、こんせきまでぎそーするいっぽー、せんしゃをとらっくにみせかけたりもした	カレラワエノエガカレタヌノトゴーハンヲツカッテジープヲセンシャノヨーニミセカケキャタピラノコンセキマデギソースルイッポーセンシャヲトラックニミセカケタリモシタ	75	76	1
BASIC5000_3067	胸の感度が非常に良く、胸が服に擦れるだけで感じてしまう事も。	むねのかんどがひじょーによく、むねがふくにすれるだけでかんじてしまうことも	ムネノカンドガヒジョーニヨクムネガフクニコスレルダケデカンジテシマウコトモ	35	36	1
BASIC5000_3071	コケ植物門、苔綱ゼニゴケ目に属するもの。	こけしょくぶつもん、たいこーぜにごけもくにぞくするもの	コケショクブツモンコケツナゼニゴケメニゾクスルモノ	25	24	-1
BASIC5000_3078	ダム堤体中央部に、洪水吐を設置し、天端より、湖水の放流を行うものである。	だむてーたいちゅーおーぶに、こーずいばきをせっちし、てんばより、こすいのほーりゅーをおこなうものである	ダムテータイチューオーブニコーズイ吐ヲセッチシテンハシヨリコスイノホーリューヲオコナウモノデアル	46	45	-1
BASIC5000_3084	また、諸般の事情で、日本国外に移住したいなどの理由付けも挙がる。	また、しょはんのじじょーで、にほんこくがいにいじゅーしたいなどのりゆーずけもあがる	マタショハンノジジョーデニッポンコクガイニイジューシタイナドノリユーズケモアガル	36	37	1
BASIC5000_3116	また、他の悪魔達から過度に畏怖されていることから、魔界において、最高権力を持ち、事実上、最強の存在であるといえる。	また、ほかのあくまたちからかどにいふされていることから、まかいにおいて、さいこーけんりょくをもち、じじつじょー、さいきょーのそんざいであるといえる	マタタノアクマタチカラカドニイフサレテイルコトカラマカイニオイテサイコーケンリョクヲモチジジツジョーサイキョーノソンザイデアルトイエル	65	64	-1
BASIC5000_3122	そして元来は宿命遺伝子は、アーヴに母都市への服従を強いる目的で作られたものである。	そしてがんらいわしゅくめーいでんしわ、あーゔにぼとしえのふくじゅーをしーるもくてきでつくられたものである	ソシテガンライワシュクメーイデンシワアーブニハハトシエノフクジューヲシイルモクテキデツクラレタモノデアル	49	50	1
BASIC5000_3131	皇主としての手管に長けるも、優しすぎると評判。	すめらぎぬしとしてのてくだにたけるも、やさしすぎるとひょーばん	スメラギシュトシテノテクダニタケルモヤサシスギルトヒョーバン	29	28	-1
BASIC5000_3146	頭には蛇の顔のような眼状紋という模様があり、鳥などの天敵を驚かす効果がある。	あたまにわへびのかおのよーながんじょーもんとゆーもよーがあり、とりなどのてんてきを、おどろかすこーかがある	アタマニワヘビノカオノヨーナメジョーモントイウモヨーガアリトリナドノテンテキヲオドロカスコーカガアル	50	49	-1
BASIC5000_3159	アムター人は黒髪であり、彼らに変装する場合は、髪を黒く染めるか鬘を被る。	あむたーじんわくろかみであり、かれらにへんそーするばーいわ、かみをくろくそめるかかつらをかぶる	アムタージンワクロカミデアリカレラニヘンソースルバアイワカミヲクロクソメルカカズラヲコームル	45	46	1
BASIC5000_3183	やがて胡蝶の日本人街でカタリベは、紅鶴や九世漁戸と再開するが、彼らと別れてマエカワたちと行くことを決める。	やがてこちょーのにほんじんがいでかたりべわ、べにつるやきゅーせーりょーととさいかいするが、かれらとわかれてまえかわたちといくことをきめる	ヤガテコチョーノニッポンジンガイデカタリベワベニズルヤキューセーリョートトサイカイスルガカレラトワカレテマエカワタチトイクコトヲキメル	63	64	1
BASIC5000_3201	材そのものもねじれているため、かつて燃料を薪に頼った頃には、斧の刃がまったくに入らず、割りにくい木として有名であったらしい。	ざいそのものもねじれているため、かつてねんりょーをまきにたよったころにわ、おののはが、まったくにはいらず、わりにくいきとしてゆーめーであったらしー	ザイソノモノモネジレテイルタメカツテネンリョーヲタキギニタヨッタコロニワオノノハガマッタクニハイラズワリニクイキトシテユーメーデアッタラシイ	68	69	1
BASIC5000_3223	彼が犯した非法行為は非常に多く、これが元で、釈迦仏は多くの戒律を制定されたと伝えられる。	かれがおかしたひほーこーいわひじょーにおーく、これがもとで、しゃかぶつわ、おーくのかいりつをせーてーされたとつたえられる	カレガオカシタヒホーコーイワヒジョーニオークコレガモトデシャカボトケワオークノカイリツヲセーテーサレタトツタエラレル	55	56	1
BASIC5000_3227	特に豊明節会にも使われることから、崇神天皇が、笠縫邑で天照大神を祀った時代から、あったことも考えられる。	とくにとよあかりのせちえにもつかわれることから、すじんてんのーが、かさぬいむらで、あまてらすおーみかみをまつったじだいから、あったこともかんがえられる	トクニトヨアケブシカイニモツカワレルコトカラスジンテンノーガカサヌイユーデアマテラスオオミカミヲマツッタジダイカラアッタコトモカンガエラレル	71	70	-1
BASIC5000_3248	特産品は、絹糸と刺繍で、主人公がキャラバンで、ミリドニアや、セレンファーレンへ向かう際にも、売り物の中心として扱われている。	とくさんひんわ、けんしとししゅーで、しゅじんこーがきゃらばんで、みりどにあや、せれんふぁーれんえむかうさいにも、うりもののちゅーしんとしてあつかわれている	トクサンヒンワキヌイトトシシューデシュジンコーガキャラバンデミリドニアヤセレンファーレンエムカウサイニモウリモノノチューシントシテアツカワレテイル	67	68	1
BASIC5000_3259	意図的に開けた人払いの結界の穴から入って来た男を逆ナンして、性行為を行った人数を競い、僅差で敗北した。	いとてきにひらけたひとばらいのけっかいのあなからはいってきたおとこをぎゃくなんして、せーこーいをおこなったにんずーをきそい、きんさではいぼくした	イトテキニアケタヒトバライノケッカイノアナカラハイッテキタオトコヲギャクナンシテセーコーイヲオコナッタニンズーヲキソイキンサデハイボクシタ	69	68	-1
BASIC5000_3276	金のために志願したというが、他のパイロットの必死に戦う姿を目にして、次第に態度を改める。	きんのためにしがんしたとゆーが、ほかのぱいろっとのひっしにたたかうすがたをめにして、しだいにたいどをあらためる	キンノタメニシガンシタトイウガタノパイロットノヒッシニタタカウスガタヲメニシテシダイニタイドヲアラタメル	53	52	-1
BASIC5000_3283	この時になって、ミサイルで相手を殺す快感に目覚めたことを自覚し悔やむが、時すでに遅く、掌打により大破。	このときになって、みさいるであいてをころすかいかんにめざめたことをじかくしくやむが、ときすでにおそく、しょーてーによりたいは	コノトキニナッテミサイルデアイテヲコロスカイカンニメザメタコトヲジカクシクヤムガトキスデニオソクテノヒラダニヨリタイハ	58	59	1
BASIC5000_3293	また、自分が皆を守らなければならないという責任感から、他人を頼ることを由とせず、何でも一人で背負い込んでしまうところがある。	また、じぶんがみなをまもらなければならないとゆーせきにんかんから、たにんをたよることをよしとせず、なんでもひとりでせおいこんでしまうところがある	マタジブンガミナヲマモラナケレバナラナイトイウセキニンカンカラタニンヲタヨルコトヲヨシトセズナニデモヒトリデショイコンデシマウトコロガアル	69	68	-1
BASIC5000_3318	特に、歯牙硬組織の存在は、全身における口腔の主たる特異性として挙げられている。	とくに、しがこーそしきのそんざいわ、ぜんしんにおけるこーくーの、おもたるとくいせーとしてあげられている	トクニシガカタソシキノソンザイワゼンシンニオケルコーコーノシュタルトクイセートシテアゲラレテイル	48	47	-1
BASIC5000_3324	政府にとって目標とすべきは、自由を保障するための自由主義の原理を遵守することに他ならない。	せーふにとってもくひょーとすべきわ、じゆーをほしょーするためのじゆーしゅぎのげんりをじゅんしゅすることにほかならない	セーフニトッテモクヒョートスベキワジユーヲホショースルタメノジユーシュギノゲンリヲジュンシュスルコトニタナラナイ	52	51	-1
BASIC5000_3331	一度気に触れるとさらに凶暴になり、残虐性が増すが、手を額に当てることで、落ち着きを取り戻すことができる。	いちどきにふれるとさらにきょーぼーになり、ざんぎゃくせーがますが、てをひたいにあてることで、おちつきをとりもどすことができる	イチドキニフレルトサラニキョーボーニナリザンギャクセーガマスガテヲガクニアテルコトデオチツキヲトリモドスコトガデキル	57	56	-1
BASIC5000_3335	ただし、表現造作技術が稚拙、あるいは未発達であるがゆえにバランスが現実的ではなくなってしまったものなどは、デフォルメとはいわない。	ただし、ひょーげんぞーさぎじゅつがちせつ、あるいわみはったつであるがゆえにばらんすがげんじつてきでわなくなってしまったものなどわ、でふぉるめとわいわない	タダシヒョーゲンゾーサクギジュツガチセツアルイワミハッタツデアルガユエニバランスガゲンジツテキデワナクナッテシマッタモノナドワデフォルメトワイワナイ	70	71	1
BASIC5000_3350	これは、稲穂が垂れる時期になると、アイガモが、稲穂を食べてしまう為である。	これわ、いなほがたれるじきになると、あいがもが、いなほをたべてしまうためである	コレワイナホガシダレルジキニナルトアイガモガイナホヲタベテシマウタメデアル	36	37	1
BASIC5000_3353	麻薬及び向精神薬の不正取引の防止に関する国際連合条約、いわゆる麻薬新条約の締結に伴う、日本国内の法律の整備として立法された。	まやくおよびこーせーしんやくのふせーとりひきのぼーしにかんするこくさいれんごーじょーやく、いわゆるまやくしんじょーやくのてーけつにともなう、にほんこくないのほーりつのせーびとしてりっぽーされた	マヤクオヨビコーセーシンヤクノフセートリヒキノボーシニカンスルコクサイレンゴージョーヤクイワユルマヤクシンジョーヤクノテーケツニトモナウニッポンコクナイノホーリツノセービトシテリッポーサレタ	92	93	1
BASIC5000_3361	テーバイは、ボイオーティアと、アッティカを分かつ、キサイロナス山脈の北麓、ボイオーティア平原の南端にあたる。	てーばいわ、ぼいおーてぃあと、あってぃかをわかつ、きさいろなすさんみゃくのほくろく、ぼいおーてぃあへーげんのなんたんにあたる	テーバイワボイオーティアトアッティカヲワカツキサイロナスサンミャクノキタフモトボイオーティアヘーゲンノナンタンニアタル	54	55	1
BASIC5000_3364	夏家店下層文化に比べると、恒久的な建築物が少なくなり、下層文化の建築物、またはその材料の流用が多くなる。	かかてんかそーぶんかにくらべると、こーきゅーてきなけんちくぶつがすくなくなり、かそーぶんかのけんちくぶつ、またわそのざいりょーのりゅーよーが、おーくなる	ナツカテンカソーブンカニクラベルトコーキューテキナケンチクブツガスクナクナリカソーブンカノケンチクブツマタワソノザイリョーノリューヨーガオークナル	69	70	1
BASIC5000_3367	梅毒血清反応だけでは、偽陽性の問題があるため、梅毒トレポネーマの抗原を用いて、病原体に対する抗体を測定する。	ばいどくけっせーはんのーだけでわ、ぎよーせーのもんだいがあるため、ばいどくとれぽねーまのこーげんをもちーて、びょーげんたいにたいするこーたいをそくてーする	バイドクケッセーハンノーダケデワニセヨーセーノモンダイガアルタメバイドクトレポネーマノコーゲンヲモチイテビョーゲンタイニタイスルコータイヲソクテースル	73	74	1
BASIC5000_3380	即時削除タグ貼付後も、長期放置状態であることから、通常の削除依頼に切り替えます。	そくじさくじょたぐはりつけごも、ちょーきほーちじょーたいであることから、つーじょーのさくじょいらいにきりかえます	ソクジサクジョタグチョーフゴモチョーキホーチジョータイデアルコトカラツージョーノサクジョイライニキリカエマス	49	48	-1
BASIC5000_3394	醜形恐怖患者は、性格的に劣等感を持ちやすい。	しゅーけーきょーふかんじゃわ、せーかくてきにれっとーかんをもちやすい	ミニクガタキョーフカンジャワセーカクテキニレットーカンヲモチヤスイ	30	31	1
BASIC5000_3411	空中戦では他の守護者同様毒を浴びるが、死人がでると風紀が乱れることを理由に、雲雀に解毒される。	くーちゅーせんでわ、ほかのしゅごしゃどーよーどくをあびるが、しにんがでるとふーきがみだれることをりゆーに、ひばりにげどくされる	クーチューセンデワタノシュゴシャドーヨードクヲアビルガシニンガデルトフーキガミダレルコトヲリユーニヒバリニゲドクサレル	57	56	-1
BASIC5000_3415	鏡面が完全に平坦ならば、鏡像は元の図形と合同になるが、凹面鏡や凸面鏡のように、曲面の場合はその限りではない。	きょーめんがかんぜんにへーたんならば、きょーぞーわもとのずけーとごーどーになるが、おーめんきょーや、とつめんきょーのよーに、きょくめんのばーいわそのかぎりでわない	キョーメンガカンゼンニヘータンナラバカガミゾーワモトノズケートゴードーニナルガオーメンキョーヤトツメンキョーノヨーニキョクメンノバアイワソノカギリデワナイ	72	73	1
BASIC5000_3418	本来は、片糸撚りの生糸を、荒い平織りにした、絹織物である。	ほんらいわ、かたいとよりのきーとを、あらいひらおりにした、きぬおりものである	ホンライワカタイトヒネリノキイトヲアライヒラオリニシタキヌオリモノデアル	35	36	1
BASIC5000_3437	校舎は全部で三棟あり、中央の棟、第二棟を管理棟と呼んでいる。	こーしゃわぜんぶでさんむねあり、ちゅーおーのむね、だいにむねを、かんりとーとよんでいる	コーシャワゼンブデサンムネアリチューオーノムネダイフタムネヲカンリトートヨンデイル	38	39	1
BASIC5000_3459	妃が鏡美からもらったぬいぐるみが、世を忍ぶ仮の姿だった。	きさきがかがみからもらったぬいぐるみが、よをしのぶかりのすがただった	ヒガカガミビカラモラッタヌイグルミガヨヲシノブカリノスガタダッタ	33	32	-1
BASIC5000_3489	例えば酢酸は食酢、酪酸は腐ったバターまたは銀杏の臭気を持つ。	たとえば、さくさんわしょくす、らくさんわ、くさったばたー、またわぎんなんのしゅーきをもつ	タトエバサクサンワショクズラクサンワクサッタバターマタワイチョーノシューキヲモツ	38	37	-1
BASIC5000_3492	市販の乾燥剤は、塩化カルシウムを主体とし、空中の水分を吸収して生じる飽和水溶液が、下部の受器にたまるようになっている。	しはんのかんそーざいわ、えんかかるしうむをしゅたいとし、くーちゅーのすいぶんをきゅーしゅーしてしょーじるほーわすいよーえきが、かぶのうけきにたまるよーになっている	シハンノカンソーザイワエンカカルシウムヲシュタイトシクーチューノスイブンヲキューシューシテショージルホーワスイヨーエキガカブノジュキニタマルヨーニナッテイル	73	72	-1
BASIC5000_3498	菱マンガン鉱やバスタム石、バラ輝石、イネス石など他のマンガン鉱物を伴っていたり、閃亜鉛鉱、方鉛鉱、黄鉄鉱などの金属鉱物を伴っていることが多い。	りょーまんがんこーやばすたむせき、ばらきせき、いねすせきなどほかのまんがんこーぶつをともなっていたり、せんあえんこー、ほーえんこー、おーてっこーなどの、きんぞくこーぶつをともなっていることがおーい	ヒシマンガンコーヤバスタムセキバラキセキイネスセキナドホカノマンガンコーブツヲトモナッテイタリ閃アエンコーホーナマリコーオーテッコーナドノキンゾクコーブツヲトモナッテイルコトガオーイ	91	90	-1
BASIC5000_3512	学校区は大阪市立晴明丘小学校、大阪市立阪南中学校。	がっこーくわ、おーさかしりつせーめーがおかしょーがっこー、おーさかしりつはんなんちゅーがっこー	ガッコークワオーサカシリツセーメーオカショーガッコーオーサカシリツハンナンチューガッコー	43	42	-1
BASIC5000_3515	後に団平を見出し、納戸が落としかけていた原稿に見切りをつけ、強制的に落とす形で彼をデビューさせ、さらには、超人気漫画家へと育てる。	のちにだんぺーをみーだし、なんどがおとしかけていたげんこーにみきりをつけ、きょーせーてきにおとすかたちでかれをでびゅーさせ、さらにわ、ちょーにんきまんがかえとそだてる	アトニダンタイラヲミイダシナンドガオトシカケテイタゲンコーニミキリヲツケキョーセーテキニオトスカタチデカレヲデビューサセサラニワチョーニンキマンガカエトソダテル	76	77	1
BASIC5000_3530	これらの中には、雄の体の循環系や、消化器系といった器官が退化して、ほとんど雌の体と同化してしまう、ミツクリエナガチョウチンアンコウなどの種も存在する。	これらのなかにわ、おすのからだのじゅんかんけーや、しょーかきけーといったきかんがたいかして、ほとんどめすのからだとどーかしてしまう、みつくりえながちょーちんあんこーなどのしゅもそんざいする	コレラノナカニワユーノカラダノジュンカンケーヤショーカキケートイッタキカンガタイカシテホトンドメスノカラダトドーカシテシマウミツクリエナガチョーチンアンコーナドノタネモソンザイスル	86	87	1
BASIC5000_3531	また、馬勃の名前で漢方薬としても利用されている。	また、ばぼつのなまえで、かんぽーやくとしてもりよーされている	マタウマ勃ノナマエデカンポーヤクトシテモリヨーサレテイル	28	27	-1
BASIC5000_3541	この縁で費伯仁が、当時の混乱の時代において、比較的安定していた益州に呼ばれたため、費禕も、義父の計らいで益州へ遊学した。	このえんでひはくじんが、とーじのこんらんのじだいにおいて、ひかくてき、あんてーしていた、えきしゅーによばれたため、ひーも、ぎふのはからいで、えきしゅーえゆーがくした	コノエンデヒハクジンガトージノコンランノジダイニオイテヒカクテキアンテーシテイタエキシューニヨバレタタメヒ禕モギフノハカライデエキシューエユーガクシタ	73	72	-1
BASIC5000_3594	奇襲に対する防衛戦でも、敢えて堂々と迎え撃ち、逆に敵方を力尽くで打ち負かす戦法を採る。	きしゅーにたいするぼーえーせんでも、あえてどーどーとむかえうち、ぎゃくに、てきがたをちからずくでうちまかすせんぽーをとる	キシューニタイスルボーエーセンデモアエテドードートムカエウチギャクニテキカタヲチカラツキクデウチマカスセンポーヲトル	55	56	1
BASIC5000_3603	もはや生きることを望まないエルフの魂は、肉体を抜け出して、マンドスの館に憩うことができる。	もはや、いきることをのぞまない、えるふのたましーわ、にくたいをぬけだして、まんどすのやかたに、いこうことができる	モハヤイキルコトヲノゾマナイエルフノタマシーワニクタイヲヌケダシテマンドスノカンニイコウコトガデキル	51	50	-1
BASIC5000_3605	熱を加えて延ばすと、産毛ぐらいの細さまで延ばすことができ、それを、何重にも重ねて造る壁は、鋼鉄をも凌ぐ硬さになる。	ねつをくわえてのばすと、うぶげぐらいのほそさまでのばすことができ、それを、いくえにもかさねてつくるかべわ、こーてつをもしのぐかたさになる	ネツヲクワエテノバストウブゲグライノホソサマデノバスコトガデキソレヲナンジューニモカサネテツクルカベワコーテツヲモシノグカタサニナル	64	65	1
BASIC5000_3619	彼は兄弟戦争終結と前後して、ファイレクシアの侵略計画を知り、来るべきときのために備えていたのである。	かれわきょーだいせんそーしゅーけつとぜんごして、ふぁいれくしあのしんりゃくけーかくをしり、きたるべきときのためにそなえていたのである	カレワキョーダイセンソーシューケツトゼンゴシテファイレクシアノシンリャクケーカクヲシリクルベキトキノタメニソナエテイタノデアル	60	59	-1
BASIC5000_3620	しかれば南無阿弥陀仏を本とすべしと仰せられ候ふなり。	しかればなむあみだぶつをほんとすべしと、おーせられそーろーなり	シカレバナムアミダブツヲホントスベシトオーセラレコーフナリ	30	29	-1
BASIC5000_3630	葉は長い柄があり、葉身は細い披針形から心形まで変異に富み、成長段階によっても変化する。	はわながいえがあり、よーしんわほそいひしんけーからしんけーまでへんいにとみ、せーちょーだんかいによってもへんかする	ハワナガイエガアリヨーシンワホソイヒシンケーカラココロガタマデヘンイニトミセーチョーダンカイニヨッテモヘンカスル	54	55	1
BASIC5000_3659	高音部では親指も弦を押さえるのに使うため、弦の上に置き、左半身で楽器を抱え込むようにする。	こーおんぶでわ、おやゆびもげんをおさえるのにつかうため、げんのうえにおき、ひだりはんしんでがっきをかかえこむよーにする	タカネブデワオヤユビモツルヲオサエルノニツカウタメツルノウエニオキヒダリハンシンデガッキヲカカエコムヨーニスル	56	55	-1
BASIC5000_3683	私共は、個人情報には関心がありません。	わたくしどもわ、こじんじょーほーにわかんしんがありません	ワタシドモワコジンジョーホーニワカンシンガアリマセン	26	25	-1
BASIC5000_3684	一般的には、関節の動きを殺すために、関節で縛る、身体が動くことは結び目が緩むことにつながるので、出来る限り動かないように固定する、といった工夫が必要になる。	いっぱんてきにわ、かんせつのうごきをころすために、かんせつでしばる、からだがうごくことわむすびめがゆるむことにつながるので、できるかぎりうごかないよーにこてーする、といったくふーがひつよーになる	イッパンテキニワカンセツノウゴキヲコロスタメニカンセツデシバルシンタイガウゴクコトワムスビメガユルムコトニツナガルノデデキルカギリウゴカナイヨーニコテースルトイッタクフーガヒツヨーニナル	92	93	1
BASIC5000_3689	戦いの中でキン肉マンは、黒後家蜘蛛の呪いを解除するが、キン肉マンは、正義超人のイメージを覆す指折り、マスク剥ぎなど裏技を乱発。	たたかいのなかできんにくまんわ、くろごけぐもののろいをかいじょするが、きんにくまんわ、せーぎちょーじんのいめーじをくつがえすゆびおり、ますくはぎなど、うらわざをらんぱつ	タタカイノナカデキンニクマンワクロゴケクモノノロイヲカイジョスルガキンニクマンワマサヨシチョージンノイメージヲクツガエスユビオリマスクハギナドウラワザヲランパツ	77	78	1
BASIC5000_3693	他の敵を滅ぼし、悪神を射る職なので、右僕射と言う。	たのてきをほろぼし、あくじんを、いるしょくなので、うぼくやとゆー	タノテキヲホロボシアクジンヲイルショクナノデミギボクシャトイウ	28	29	1
BASIC5000_3707	五虎将亡き後、再び野心を燃やし、亡命していた玄偉の進言もあり、五丈侵攻の軍を興す。	ごこしょーなきあと、ふたたびやしんをもやし、ぼーめーしていたげんいのしんげんもあり、ごじょーしんこーのぐんをおこす	ゴコショーナキアトフタタビヤシンヲモヤシボーメーシテイタゲンエラノシンゲンモアリゴタケシンコーノグンヲオコス	52	53	1
BASIC5000_3714	なお、満期時の元金自動継続時の利息、および解約時の元金等の振込入金に関わる手数料は、日本振興銀行側の負担となるため、預金者の負担はない。	なお、まんきじのがんきんじどーけーぞくじのりそく、およびかいやくじのがんきんとーのふりこみにゅーきんにかかわるてすーりょーわ、にほんしんこーぎんこーがわのふたんとなるため、よきんしゃのふたんわない	ナオマンキジノガンキンジドーケーゾクジノリソクオヨビカイヤクジノガンキントーノフリコミニューキンニカカワルテスーリョーワニッポンシンコーギンコーガワノフタントナルタメヨキンシャノフタンワナイ	91	92	1
BASIC5000_3720	異様ない出立ちと銃弾を遮断する巨大な鉄の傘を携える。	いよーないでだちとじゅーだんをしゃだんする、きょだいなてつのかさをたずさえる	イヨーナイイデタチトジューダンヲシャダンスルキョダイナテツノカサヲタズサエル	34	35	1
BASIC5000_3722	洗礼前教育においては、ルター以降、十戒、使徒信条、主の祈りを重視し、それぞれが教義、神の正しい崇拝、信徒としての生活を教えるものと考える。	せんれーぜんきょーいくにおいてわ、るたーいこー、じっかい、しとしんじょー、しゅのいのりをじゅーしし、それぞれがきょーぎ、かみのただしーすーはい、しんととしてのせーかつを、おしえるものとかんがえる	センレーゼンキョーイクニオイテワルターイコージッカイシトシンジョーオモノイノリヲジューシシソレゾレガキョーギカミノタダシイスーハイシントトシテノセーカツヲオシエルモノトカンガエル	84	85	1
BASIC5000_3730	刃の寸法は二尺前後のものが多いが、脇差兼用に作ったものであろう。	はのすんぽーわにしゃくぜんごのものがおーいが、わきざしけんよーにつくったものであろー	ハノスンポーワフタシャクゼンゴノモノガオーイガワキザシケンヨーニツクッタモノデアロー	40	41	1
BASIC5000_3731	天竜川の対岸の市田村に、日本国有鉄道飯田線の市田駅が所在。	てんりゅーがわのたいがんのいちだむらに、にほんこくゆーてつどー、いーだせんの、いちだえきがしょざい	テンリューガワノタイガンノイチダムラニニッポンコクユーテツドーイーダセンノイチダエキガショザイ	44	45	1
BASIC5000_3735	好き嫌いが激しすぎて、嫌いな相手の話をする際、唾を吐き捨てるという名門貴族の令嬢に相応しからぬ下品な行為が多々ある。	すききらいがはげしすぎて、きらいなあいてのはなしをするさい、つばをはきすてるとゆーめーもんきぞくのれーじょーにふさわしからぬげひんなこーいがたたある	スキキライガゲキシスギテキライナアイテノハナシヲスルサイツバヲハキステルトイウメーモンキゾクノレージョーニソーオーシカラヌゲヒンナコーイガタタアル	71	72	1
BASIC5000_3753	半接着斑が異常になれば、基底細胞の増殖は異常になる。	はんせっちゃくはんがいじょーになれば、きてーさいぼーのぞーしょくわ、いじょーになる	ハンセッチャクマダラガイジョーニナレバキテーサイボーノゾーショクワイジョーニナル	35	36	1
BASIC5000_3764	八車文乃と瓜二つの容姿をしている。	やぐるまふみのと、うりふたつのよーしをしている	ハチシャアヤノトフリフタツノヨーシヲシテイル	22	21	-1
BASIC5000_3785	猛者一族は強者集団ではあるが、盗賊紛いの悪事を働くことも多く、衛府弓銃壱らとは幾度も戦ってきた宿敵同士。	もさいちぞくわつわものしゅーだんでわあるが、とーぞくまがいのあくじをはたらくこともおーく、えふきゅーじゅーいちらとわいくどもたたかってきたしゅくてきどーし	モサイチゾクワキョーシャシューダンデワアルガトーゾクマガイノアクジヲハタラクコトモオークエフユミジューイチラトワイクドモタタカッテキタシュクテキドーシ	71	70	-1
BASIC5000_3795	天之御中主神、高皇産霊神、神皇産霊神の、造化三神を、主神として祀る。	あめのみなかぬしのかみ、たかみむすびのかみ、かみむすびのかみの、ぞーかさんしんお、しゅしんとしてまつる	アメノミナカヌシノシンタカミムスビシンカミムスビノシンノゾーカサンカミヲシュシントシテマツル	46	45	-1
BASIC5000_3800	小坐骨切痕には、内閉鎖筋の坐骨包がみられる。	しょーざこつせっこんにわ、ないへーさきんのざこつほーがみられる	ショーザコツキリコンニワウチヘーサスジノザコツツツミガミラレル	29	30	1
BASIC5000_3803	安井の作品は、多彩を極め、初期のピクトリアリスムから、ストレートフォトグラフィ、フォトモンタージュ、街角のスナップにまで及ぶ。	やすいのさくひんわ、たさいをきわめ、しょきのびくとりありすむから、すとれーとふぉとぐらふぃー、ふぉともんたーじゅ、まちかどのすなっぷにまでおよぶ	ヤスイノサクヒンワタサイヲキワメショキノピクトリアリスムカラストレートフォトグラフィフォトモンタージュマチカドノスナップニマデオヨブ	62	61	-1
BASIC5000_3804	反則、妨害行為を受け、決勝戦以外の規定通過順位に入れなくても、タイム順位を問わず、次回戦に進出できる救済措置が設けられている。	はんそく、ぼーがいこーいをうけ、けっしょーせんいがいのきてーつーかじゅんいにいれなくても、たいむじゅんいをとわず、じかいせんにしんしゅつできるきゅーさいそちがもーけられている	ハンソクボーガイコーイヲウケケッショーセンイガイノキテーツーカジュンイニイレナクテモタイムジュンイヲトワズツギカイセンニシンシュツデキルキューサイソチガモーケラレテイル	78	79	1
BASIC5000_3807	そして、クローゼットには、洞窟に封じられていたはずの土鈴があった。	そして、くろーぜっとにわ、どーくつにふーじられていたはずのどれーがあった	ソシテクローゼットニワドークツニフージラレテイタハズノツチスズガアッタ	34	35	1
BASIC5000_3814	そのため校内でも一人で過ごすことが多かったが、岬一と出会ってからは、学校行事などで次第にクラスに溶け込むようになっていく。	そのためこーないでもひとりですごすことがおーかったが、こーいちとであってからわ、がっこーぎょーじなどでしだいにくらすにとけこむよーになっていく	ソノタメコーナイデモヒトリデスゴスコトガオーカッタガミサキイチトデアッテカラワガッコーギョージナドデシダイニクラスニトケコムヨーニナッテイク	68	69	1
BASIC5000_3847	このことは、現世利益的な信仰形態であったことを物語っている。	このことわ、げんせりえきてきなしんこーけーたいであったことをものがたっている	コノコトワゲンセーリエキテキナシンコーケータイデアッタコトヲモノガタッテイル	37	38	1
BASIC5000_3880	多くは鯨の墓や戒名を付けたりなどしているが、鯨の過去帳を詳細に記述している寺などがある。	おーくわくじらのはかやかいみょーをつけたりなどしているが、くじらのかこちょーをしょーさいにきじゅつしているてらなどがある	オークワクジラノハカヤカイミョーヲツケタリナドシテイルガクジラノカコトバリヲショーサイニキジュツシテイルテラナドガアル	55	56	1
BASIC5000_3914	正和は失敗も大目に見る事から、仕事に慣れるために、新人編集者を担当に就けることが多いらしい。	まさかずわしっぱいも、おーめにみることから、しごとになれるために、しんじんへんしゅーしゃをたんとーにつけることがおーいらしー	ショーワワシッパイモオーメニミルコトカラシゴトニナレルタメニシンジンヘンシューシャヲタントーニツケルコトガオーイラシイ	57	56	-1
BASIC5000_3920	しかし、カラダ探しが自分の思い通りにいかず悪戦苦闘するうち、己を省みるようになって態度を改め、他のメンバーと友情で結ばれていく。	しかし、からださがしがじぶんのおもいどーりにいかずあくせんくとーするうち、おのれをかえりみるよーになってたいどをあらため、ほかのめんばーとゆーじょーでむすばれていく	シカシカラダサガシガジブンノオモイドーリニイカズアクセンクトースルウチオノレヲカエリミルヨーニナッテタイドヲアラタメタノメンバートユージョーデムスバレテイク	78	77	-1
BASIC5000_3933	南征の兵士を郷里に帰し、戦死者を弔うよう上奏して、聞き入れられた。	なんせーのへーしをきょーりにかえし、せんししゃをとむらうよーじょーそーして、ききいれられた	ミナミセーノヘーシヲキョーリニカエシセンシシャヲトムラウヨージョーソーシテキキイレラレタ	40	41	1
BASIC5000_3957	それ故か、自身の右腕を偏執的なまでに愛し、語りかける奇癖がある。	それゆえか、じしんのみぎうでをへんしゅーてきなまでにあいし、かたりかけるきへきがある	ソレユエカジシンノウワンヲヘンシューテキナマデニアイシカタリカケルキヘキガアル	39	38	-1
BASIC5000_3960	その猟師の母は山に入り薪や木の実を採り、猟師は鹿を狩るために山に入った。	そのりょーしのははわやまにはいり、まきやきのみをとり、りょーしわしかをかるためにやまにはいった	ソノリョーシノハハワヤマニハイリタキギヤコノミヲトリリョーシワシカヲカルタメニヤマニハイッタ	43	44	1
BASIC5000_3963	金属板に、渦状に生じるものを、渦電流という。	きんぞくばんに、うずじょーにしょーじるものを、うずでんりゅーとゆー	キンゾクバンニカジョーニショージルモノヲウズデンリュートイウ	28	27	-1
BASIC5000_3980	その他、以下の競走馬の名が挙がる。	そのほか、いかのきょーそーばのながあがる	ソノタイカノキョーソーバノナガアガル	18	17	-1
BASIC5000_3983	両手に鉤爪を装備しており、その爪で敵を切り裂くことを快感としている、快楽殺人鬼。	りょーてにかぎずめをそーびしており、そのつめでてきをきりさくことをかいかんとしている、かいらくさつじんき	リョーテニカギツメヲソービシテオリソノツメデテキヲキリサクコトヲカイカントシテイルカイラクサツジンオニ	49	50	1
BASIC5000_4012	武器は両拳に嵌めたナックルで、撲殺した殺人鬼たちの怨霊が宿っている。	ぶきわりょーこぶしにはめたなっくるで、ぼくさつしたさつじんきたちの、おんりょーがやどっている	ブキワリョーコブシニハメタナックルデボクサツシタサツジンオニタチノオンリョーガヤドッテイル	42	43	1
BASIC5000_4024	高圧電流エネルギーを、極超短波に変換し、そこから発生する微振動で岩石を砕く。	こーあつでんりゅーえねるぎーを、ごくちょーたんぱにへんかんし、そこからはっせーするびしんどーでがんせきをくだく	コーアツデンリューエネルギーヲゴクチョータンパニヘンカンシソコカラハッセースルホロシンドーデガンセキヲクダク	51	52	1
BASIC5000_4041	画面の上端か右端で、その方向にレバーを入れたまま爆弾を投げると、跳ね返った爆弾は自分に当たらずに後へ飛んでいく。	がめんのじょーたんかみぎはじで、そのほーこーにればーをいれたままばくだんをなげると、はねかえったばくだんわじぶんにあたらずに、うしろえとんでいく	ガメンノジョータンカミギハシデソノホーコーニレバーヲイレタママバクダンヲナゲルトハネカエッタバクダンワジブンニアタラズニアトエトンデイク	68	67	-1
BASIC5000_4052	一般には勤行の際に読経や真言を読み間違えたり、雑念や邪念が生じた際の、赦しを乞う為に唱えられる。	いっぱんにわごんぎょーのさいに、どっきょーやしんごんをよみまちがえたり、ざつねんやじゃねんがしょーじたさいの、ゆるしをこうためにとなえられる	イッパンニワゴンギョーノサイニドキョーヤシンゴンヲヨミマチガエタリザツネンヤジャネンガショージタサイノユルシヲコウタメニトナエラレル	63	62	-1
BASIC5000_4069	全ての元凶たる六ノ鞘と決着をつけるために、革に協力する。	すべてのげんきょーたるろくのさやとけっちゃくをつけるために、あらたにきょーりょくする	スベテノゲンキョータルロクノサヤトケッチャクヲツケルタメニカワニキョーリョクスル	37	36	-1
BASIC5000_4076	判事の中では風変わりな桑田の扱いに慣れている。	はんじのなかでわふーがわりなくわだのあつかいになれている	ハンジノナカデワフーガワリナソーデンノアツカイニナレテイル	28	29	1
BASIC5000_4091	また、夢に機織り道具が回りながら出てきて珂是古を押さえ、そこで祟る神様が女神様で有ることがわかり、神社を建てて祀ったとあります。	また、ゆめにはたおりどーぐがまわりながらでてきてかぜこをおさえ、そこでたたるかみさまがめがみさまであることがわかり、じんじゃをたててまつったとあります	マタユメニハタオリドーグガマワリナガラデテキテ珂是イニシエヲオサエソコデタタルカミサマガメガミサマデアルコトガワカリジンジャヲタテテマツッタトアリマス	71	72	1
BASIC5000_4107	屯田兵例則は、緒言、編制、検査、昇級、勤務、休暇、給助、諸官の職務、からなる。	とんでんへーれーそくわ、ちょげん、へんせー、けんさ、しょーきゅー、きんむ、きゅーか、きゅーじょ、しょかんのしょくむ、からなる	トンデンヘーレーソクワショゲンヘンセーケンサショーキューキンムキューカキュースケショカンノショクムカラナル	45	46	1
BASIC5000_4109	趣味は日本舞踊と野球で、現在も続けている。	しゅみわにほんぶよーとやきゅーで、げんざいもつずけている	シュミワニッポンブヨートヤキューデゲンザイモツズケテイル	25	26	1
BASIC5000_4115	凛麗のクラスの中では一番大人しい。	りんれーのくらすのなかでわいちばんおとなしー	リンウララノクラスノナカデワイチバンオトナシイ	22	23	1
BASIC5000_4122	少数だが廃仏毀釈を乗り越えて、現在でも智明権現を祀る寺院は存続している。	しょーすーだがはいぶつきしゃくをのりこえて、げんざいでも、ちみょーごんげんをまつるじーんわそんぞくしている	ショースーダガハイブツキシャクヲノリコエテゲンザイデモトモアキゴンゲンヲマツルジインワソンゾクシテイル	48	49	1
BASIC5000_4137	最古の化石は、新生代になったばかりの、暁新世の地層から発見されている、起源の古い群である。	さいこのかせきわ、しんせーだいになったばかりの、ぎょーしんせーのちそーからはっけんされている、きげんのふるいぐんである	サイコノカセキワシンセーダイニナッタバカリノアカツキシンヨノチソーカラハッケンサレテイルキゲンノフルイグンデアル	55	56	1
BASIC5000_4148	この剣の刃は、敵が近づけば闇にかがやき、そのため、ドワーフの砦は、敵の不意打ちに脅かされることがなかったという。	このつるぎのはわ、てきがちかずけばやみにかがやき、そのため、どわーふのとりでわ、てきのふいうちにおびやかされることがなかったとゆー	コノケンノハワテキガチカズケバヤミニカガヤキソノタメドワーフノトリデワテキノフイウチニオビヤカサレルコトガナカッタトイウ	61	60	-1
BASIC5000_4149	しかし、海には潮間帯のウミユスリカや、海水面上のウミアメンボなど、ごく少数の例しか生息していない。	しかし、うみにわちょーかんたいのうみゆすりかや、かいすいめんじょーのうみあめんぼなど、ごくしょーすーのれーしかせーそくしていない	シカシウミニワシオマタイノウミユスリカヤカイスイメンジョーノウミアメンボナドゴクショースーノレーシカセーソクシテイナイ	58	57	-1
BASIC5000_4161	しかし、ベレー帽が脱げると、なぜか下手な絵しか描けなくなってしまう。	しかし、べれーぼーがぬげると、なぜかへたなえしかかけなくなってしまう	シカシベレーボーガヌゲルトナゼカヘタナエシカエガケナクナッテシマウ	32	33	1
BASIC5000_4180	それゆえ、天道盟の勢力は強大であるが、組織としての全体の統制が、あまりとれていない為、天道盟関係者は、憂いを抱いている。	それゆえ、てんどーめーのせーりょくわきょーだいであるが、そしきとしてのぜんたいのとーせーが、あまりとれていないため、てんどーめーかんけーしゃわ、うれいをいだいている	ソレユエテントーメーノセーリョクワキョーダイデアルガソシキトシテノゼンタイノトーセーガアマリトレテイナイタメテントーメーカンケーシャワウレイヲダイテイル	74	73	-1
BASIC5000_4192	一方、通常の文通では必須でなく、想定される使用例も少ないため、切手と比べて低い知名度に留まる。	いっぽー、つーじょーのぶんつーでわひっすでなく、そーてーされるしよーれーもすくないため、きってとくらべてひくいちめーどにとどまる	イッポーツージョーノブンツーデワヒッスデナクソーテーサレルシヨーレーモスクナイタメキッテトクラベテヒクイチメードニトマル	60	59	-1
BASIC5000_4195	教皇庁教理聖省長官にして、教会軍総司令官、教皇宮殿付神学顧問と数々の要職を歴任しており、苛烈かつ強引な政策で、教皇庁の実質的な指導者として君臨している。	きょーこーちょーきょーりせーしょーちょーかんにして、きょーかいぐんそーしれーかん、きょーこーきゅーでんつきしんがくこもんと、かずかずのよーしょくをれきにんしており、かれつかつごーいんなせーさくで、きょーこーちょーのじっしつてきなしどーしゃとしてくんりんしている	キョーコーチョーキョーリヒジリショーチョーカンニシテキョーカイグンソーシレーカンキョーコーキューデンズケシンガクコモントカズカズノヨーショクヲレキニンシテオリカレツカツゴーインナセーサクデキョーコーチョーノジッシツテキナシドーシャトシテクンリンシテイル	113	114	1
BASIC5000_4200	最後は病に倒れ、鳥羽院から贈られた水仙の花を抱き、愛しさに包まれながら逝く。	さいごわやまいにたおれ、とばいんからおくられたすいせんのはなをだき、いとしさにつつまれながらいく	サイゴワヤマイニタオレトバインカラオクラレタスイセンノハナヲイダキイトシサニツツマレナガラユク	46	47	1
BASIC5000_4211	海岸では喧騒を余所に、他の政治犯の奏でるギターに合わせ、孫息子がダンスを踊る。	かいがんでわけんそーをよそに、ほかのせーじはんのかなでるぎたーにあわせ、まごむすこがだんすをおどる	カイガンデワケンソーヲヨソニタノセージハンノカナデルギターニアワセマゴムスコガダンスヲオドル	47	46	-1
BASIC5000_4212	人事権があるため吏部は権力が強く、吏部侍郎は他の五侍郎より、位が一つ上の正四品上。	じんじけんがあるため、いぶわけんりょくがつよく、いぶじろーわほかのごじろーより、くらいがひとつうえの、しょーよんひんじょー	ジンジケンガアルタメリブワケンリョクガツヨクリブジローワタノゴジローヨリクライガヒトツジョーノセーヨンピンジョー	54	53	-1
BASIC5000_4217	和太鼓や歌舞伎の各種の鼓などで使用されるロープの解説ではない。	わだいこやかぶきのかくしゅのつずみなどでしよーされるろーぷのかいせつでわない	カズタイコヤカブキノカクシュノツズミナドデシヨーサレルロープノカイセツデワナイ	37	38	1
BASIC5000_4219	強面な容姿とは裏腹に、性格は小心。	こわもてなよーしとわうらはらに、せーかくわしょーしん	コワオモテナヨーシトワウラハラニセーカクワショーシン	24	25	1
BASIC5000_4228	原作でケンシロウに秘孔を突かれて、右手に持ったショットガンで自分を撃つよう操られた際、それを解除したのと同じ動作。	げんさくでけんしろーにひこーをつかれて、みぎてにもったしょっとがんでじぶんをうつよーあやつられたさい、それをかいじょしたのとおなじどーさ	ゲンサクデケンシローニヒメアナヲツカレテミギテニモッタショットガンデジブンヲウツヨーアヤツラレタサイソレヲカイジョシタノトオナジドーサ	64	65	1
BASIC5000_4233	ランスに国主としての自覚を芽生えさせるべく、一計を謀るなど策士的な面も併せ持つ。	らんすにこくしゅとしてのじかくをめばえさせるべく、いっけーをはかるなど、さくしてきなめんもあわせもつ	ランスニコクシュトシテノジカクヲメバエサセルベクイッケーヲタバカルナドサクシテキナメンモアワセモツ	47	48	1
BASIC5000_4239	筒井城の場合も、昭和初期以前は田であったようで、これが、蓮根畑に変化したと言われている。	つついじょーのばーいも、しょーわしょきいぜんわたであったよーで、これが、れんこんばたけにへんかしたといわれている	ツツイジョーノバアイモショーワショキイゼンワタデアッタヨーデコレガハスネハタケニヘンカシタトイワレテイル	50	49	-1
BASIC5000_4247	そのため、血中のオロト酸の濃度が上昇する。	そのため、けっちゅーの、おろとさんののーどがじょーしょーする	ソノタメチチューノオロトサンノノードガジョーショースル	25	24	-1
BASIC5000_4250	ノンフィクション作家の土本亜理子は実娘。	のんふぃくしょんさっかのつちもとありこわ、じつじょー	ノンフィクションサッカノドモトアサトコワジツムスメ	22	23	1
BASIC5000_4251	硬膜静脈洞の静脈血は、内頸静脈へ流出する。	こーまくじょーみゃくどーのじょーみゃくけつわ、ないけーじょーみゃくえりゅーしゅつする	コーマクジョーミャクホラノジョーミャクチワウチケージョーミャクエリューシュツスル	33	32	-1
BASIC5000_4284	有翼人伝承の研究に、余生を捧げている。	ゆーよくじんでんしょーのけんきゅーに、よせーをささげている	ユーツバサジンデンショーノケンキューニヨセーヲササゲテイル	26	27	1
BASIC5000_4285	これは、釈迦が悟りを求めて修行中に悪魔の誘惑を受けたが、これを退けたという伝説に由来するもので、煩悩に屈しない、堅固な決意を示す。	これわ、しゃかがさとりをもとめてしゅぎょーちゅーにあくまのゆーわくをうけたが、これをしりぞけたとゆーでんせつにゆらいするもので、ぼんのーにくっしない、けんごなけついをしめす	コレワシャカガサトリヲモトメテシュギョーチューニアクマノユーワクヲウケタガコレヲシリゾケタトイウデンセツニユライスルモノデボンノーニコゴメシナイケンゴナケツイヲシメス	78	79	1
BASIC5000_4295	もともと旧家で無知な人形のように育てられたが、忍によってその境遇から解放された後、いろいろと余計なことを覚えて現在の性格ができあがった。	もともときゅーかでむちなにんぎょーのよーにそだてられたが、しのぶによって、そのきょーぐーからかいほーされたのち、いろいろとよけーなことをおぼえて、げんざいのせーかくができあがった	モトモトキューカデムチナニンギョーノヨーニソダテラレタガニンニヨッテソノキョーグーカラカイホーサレタアトイロイロトヨケーナコトヲオボエテゲンザイノセーカクガデキアガッタ	82	81	-1
BASIC5000_4299	作品の質にムラがあり、日本版画史上最高レベルの傑作がある反面、凡庸、あるいは稚拙な作品も交じる。	さくひんのしつにむらがあり、にほんはんがしじょーさいこーれべるのけっさくがあるはんめん、ぼんよー、あるいわちせつなさくひんもまじる	サクヒンノシツニムラガアリニッポンハンガシジョーサイコーレベルノケッサクガアルハンメンボンヨーアルイワチセツナサクヒンモマジル	61	62	1
BASIC5000_4305	右手で指を差しながら身体を揺する独自のモーションを持つ。	みぎてでゆびをさしながら、からだをゆするどくじのもーしょんをもつ	ミギテデユビヲサシナガラシンタイヲユスルドクジノモーションヲモツ	30	31	1
BASIC5000_4314	ジュンイチローは高めを放銃し、二盃口まで乗せてしまうという不覚をとっており、両者の力量の差が、如実に表れた局面になっていた。	じゅんいちろーわたかめをほーじゅーし、りゃんぺーこーまでのせてしまうとゆーふかくをとっており、りょーしゃのりきりょーのさが、にょじつにあらわれたきょくめんになっていた	ジュンイチローワタカメヲホージューシニサカズキコーマデノセテシマウトイウフカクヲトッテオリリョーシャノリキリョーノサガニョジツニアラワレタキョクメンニナッテイタ	72	73	1
BASIC5000_4328	成長期に差し掛かり、母のように胸が大きくなってきている事にコンプレックスを抱いている。	せーちょーきにさしかかり、ははのよーにむねがおーきくなってきていることにこんぷれっくすをいだいている	セーチョーキニサシカカリハハノヨーニムネガオーキクナッテキテイルコトニコンプレックスヲダイテイル	48	47	-1
BASIC5000_4331	そのため、音更川の河原では、現在でも流域全域で比較的多くの黒曜石が、他の石に混ざって転がっている。	そのため、おとふけがわのかわらでわ、げんざいでも、りゅーいきぜんいきで、ひかくてき、おーくのこくよーせきが、ほかのいしにまざってころがっている	ソノタメオトフケカワノカワラデワゲンザイデモリューイキゼンイキデヒカクテキオークノコクヨーセキガタノイシニマザッテコロガッテイル	64	63	-1
BASIC5000_4334	偽証人が現われ、民衆も煽動される。	にせしょーにんがあらわれ、みんしゅーもせんどーされる	ギショージンガアラワレミンシューモセンドーサレル	23	22	-1
BASIC5000_4345	自宅に寄り添うようになった野良猫が、ボツリヌス菌による中毒にかかったことがきっかけで、ドリトルの助言により、発生源の疑いのある公園の整備を最後の仕事とした。	じたくによりそうよーになったのらねこが、ぼつりぬきすきんによるちゅーどくにかかったことがきっかけで、どりとるのじょげんにより、はっせーげんのうたがいのあるこーえんのせーびをさいごのしごととした	ジタクニヨリソウヨーニナッタノラネコガボツリヌスキンニヨルチュードクニカカッタコトガキッカケデドリトルノジョゲンニヨリハッセーゲンノウタガイノアルコーエンノセービヲサイゴノシゴトトシタ	91	90	-1
BASIC5000_4349	生地に少量の漆で模様の形を塗り、その上に金箔を、撚れないように載せる。	きじにしょーりょーのうるしでもよーのかたちをぬり、そのうえにきんぱくを、よれないよーにのせる	キジニショーリョーノウルシデモヨーノカタチヲヌリソノウエニキンパクヲヒネレナイヨーニノセル	42	43	1
BASIC5000_4353	白哉から養子に望まれたにも関わらず、冷遇される事に戸惑いと寂しさを覚えていた。	びゃくやからよーしにのぞまれたにもかかわらず、れいぐーされることにとまどいとさびしさをおぼえていた	シロ哉カラヨーシニノゾマレタニモカカワラズレーグーサレルコトニトマドイトサビシサヲオボエテイタ	47	46	-1
BASIC5000_4358	物体を正の向きに移動させるとばねが伸び、負の向きに移動させるとばねは縮む。	ぶったいをせーのむきにいどーさせるとばねがのび、ふのむきにいどーさせるとばねわちじむ	ブッタイヲセーノムキニイドーサセルトバネガノビマケノムキニイドーサセルトバネワチジム	41	42	1
BASIC5000_4370	また、たたら道具の営繕を行う鍛冶場も隣接していた。	また、たたらどーぐのえーぜんをおこなうかじばもりんせつしていた	マタタタラドーグノエーゼンヲオコナウカジジョーモリンセツシテイタ	30	31	1
BASIC5000_4371	二環路と西直門外大街との交差点から少し北西方向に入った所に在る。	にかんろとせーちょくもんがいだいがいとのこーさてんから、すこしほくせーほーこーにはいったところにある	ニタマキロトニシジキモンガイダイマチトノコーサテンカラスコシホクセーホーコーニハイッタトコロニアル	48	49	1
BASIC5000_4374	母親は他の哺乳類のような乳首をもたず、子は母親の乳腺から染み出した乳をなめている。	ははおやわほかのほにゅーるいのよーなちくびをもたず、こわははおやのにゅーせんからしみだしたちちをなめている	ハハオヤワタノホニュールイノヨーナチクビヲモタズコワハハオヤノニューセンカラシミダシタチチヲナメテイル	50	49	-1
BASIC5000_4382	正義感溢れる性格故、当初、アイエフやセガミをうずめからの刺客と勘違いしてしまう。	せーぎかん、あふれるせーかくゆえ、とーしょ、あいえふやせがみを、うずめからのしかくとかんちがいしてしまう	セーギカンアフレルセーカクコトーショアイエフヤセガミヲウズメカラノシカクトカンチガイシテシマウ	47	46	-1
BASIC5000_4383	家事の話題になると、昔の苦い思い出がよみがえり、我を忘れて愚痴を述べ、自分の世界に入ってしまい、時には暴れることさえあった。	かじのわだいになると、むかしのにがいおもいでがよみがえり、われをわすれてぐちをのべ、じぶんのせかいにはいってしまい、ときにわあばれることさえあった	カジノワダイニナルトムカシノニガイオモイデガヨミガエリガヲワスレテグチヲノベジブンノセカイニハイッテシマイトキニワアバレルコトサエアッタ	69	68	-1
BASIC5000_4391	付き人に扮したドキンちゃんと共に鰻丼をご馳走になるが、サンショウくんが山椒を振りかけた際にくしゃみをした拍子に、椅子から転げ落ちて変装がばれてしまった。	つきびとにふんしたどきんちゃんとともに、うなどんをごちそーになるが、さんしょーくんがさんしょーをふりかけたさいにくしゃみをしたひょーしに、いすからころげおちてへんそーがばれてしまった	ツキビトニフンシタドキンチャントトモニウナギドンヲゴチソーニナルガサンショークンガサンショーヲフリカケタサイニクシャミヲシタヒョーシニイスカラコロゲオチテヘンソーガバレテシマッタ	83	84	1
BASIC5000_4417	一人では入れないオンザローズに入る為、半ば強引に、孝をオンザローズに誘う。	ひとりでわはいれない、おんざろーずにはいるため、なかばごーいんに、こーをおんざろーずにさそう	ヒトリデワイレナイオンザローズニハイルタメナカバゴーインニコーヲオンザローズニサソウ	43	42	-1
BASIC5000_4418	時化の状態になると、船の転覆の恐れがあるために、漁師は漁に出ることができず、魚市場での不作につながる。	しけのじょーたいになると、ふねのてんぷくのおそれがあるために、りょーしわりょーにでることができず、さかないちばでのふさくにつながる	シケノジョータイニナルトフネノテンプクノオソレガアルタメニリョーシワリョーニデルコトガデキズウオイチバデノフサクニツナガル	59	58	-1
BASIC5000_4425	外見は幼い少女で、人間になるために必要な魔力を胸に抱いた宝珠に蓄えている。	がいけんわおさないしょーじょで、にんげんになるためにひつよーなまりょくをむねにいだいたほーじゅにたくわえている	ガイケンワオサナイショージョデニンゲンニナルタメニヒツヨーナマリョクヲムネニダイタホーシュニタクワエテイル	50	49	-1
BASIC5000_4430	竹紙の薄く、また空気を通さず、唾で容易に張り付くといった性質を利用したものであり、淡竹や、黒竹のものが使用されている。	ちくしのうすく、またくーきをとーさず、つばでよーいにはりつくといったせーしつをりよーしたものであり、あわたけや、くろたけのものがしよーされている	チクシノウスクマタクーキヲトーサズツバデヨーイニハリツクトイッタセーシツヲリヨーシタモノデアリハチクヤクロチクノモノガシヨーサレテイル	68	67	-1
BASIC5000_4438	アカマンボウ目の近縁魚類のように、表層部分を頭部を上にして漂っているが、それ以外には殆ど生態が解明されていない。	あかまんぼーもくのきんえんぎょるいのよーに、ひょーそーぶぶんをとーぶをうえにしてただよっているが、それいがいにわほとんどせーたいがかいめーされていない	アカマンボーメノキンエンギョルイノヨーニヒョーソーブブンヲトーブヲウエニシテタダヨッテイルガソレイガイニワホトンドセータイガカイメーサレテイナイ	71	70	-1
BASIC5000_4442	ブックレットの記述では、玲音よりも遥かに女の業を煮やす少女。	ぶっくれっとのきじゅつでわ、れいんよりもはるかにおんなのごーをにやすしょーじょ	ブックレットノキジュツデワレーオンヨリモハルカニオンナノゴーヲニヤスショージョ	35	36	1
BASIC5000_4454	身分の高いほうから並べると女官、女孺、雑仕の順となる。	みぶんのたかいほーからならべると、にょかん、にょじゅ、ぞーしのじゅんとなる	ミブンノタカイホーカラナラベルトニョカンオンナ孺ゾーシノジュントナル	30	31	1
BASIC5000_4456	日立金属が極少量の生産を続けているが、生産された玉鋼は、指定された日本刀の刀工にのみ配布され、一般には流通しない。	ひたちきんぞくがごくしょーりょーのせーさんをつずけているが、せーさんされたたまはがねわ、してーされたにほんとーのとーこーにのみはいふされ、いっぱんにわりゅーつーしない	ヒタチキンゾクガゴクショーリョーノセーサンヲツズケテイルガセーサンサレタタマコーワシテーサレタニホントーノトーコーニノミハイフサレイッパンニワリューツーシナイ	77	76	-1
BASIC5000_4459	幾つもの国々を抱え、その国々に住まう者達によって、何時か滅ぶ事が予見されている。	いくつものくにぐにをかかえ、そのくにぐににすまうものたちによって、いつかほろぶことがよけんされている	イクツモノクニグニヲカカエソノクニグニニスマウモノタチニヨッテナンジカホロブコトガヨケンサレテイル	48	49	1
BASIC5000_4462	アニメでは毒蛇三兄弟に対して原作に比べると善戦していたが、やはり力及ばず敗れる。	あにめでわどくへびさんきょーだいにたいしてげんさくにくらべるとぜんせんしていたが、やはりちからおよばずやぶれる	アニメデワドクジャサンキョーダイニタイシテゲンサクニクラベルトゼンセンシテイタガヤハリチカラオヨバズヤブレル	53	52	-1
BASIC5000_4473	横岳二世絶崖転住後、禅師は迎えられて、崇福に入院第三世となる。	よこだけにせーぜつがいてんじゅーご、ぜんじわむかえられて、すーふくににゅーいんだいさんぜとなる	ヨコダケニセーゼツガイテンジューゴゼンジワムカエラレテソーフクニニューインダイサンセートナル	43	44	1
BASIC5000_4476	積演算が非可換である場合、除法が左右で区別されるように、分数も割る方向の左右で区別される。	せきえんざんがひかかんであるばーい、じょほーがさゆーでくべつされるよーに、ぶんすーもわるほーこーのさゆーでくべつされる	セキエンザンガヒカカンデアルバアイジョホーガサユーデクベツサレルヨーニブンスーモワレルホーコーノサユーデクベツサレル	56	57	1
BASIC5000_4490	この時八雲に見つかり正体と状況を知られる結果となった。	このときやくもにみつかり、しょーたいとじょーきょーをしられるけっかとなった	コノトキハチクモニミツカリショータイトジョーキョーヲシラレルケッカトナッタ	33	34	1
BASIC5000_4492	その腕前は日頃から接している人でさえ見分けることが出来ないほどであり、変装する対象も背格好にある程度類似があるなら、老若男女問わない。	そのうでまえわひごろからせっしているひとでさえみわけることができないほどであり、へんそーするたいしょーも、せかっこーにあるてーどるいじがあるなら、ろーにゃくなんにょとわない	ソノウデマエワヒゴロカラセッシテイルヒトデサエミワケルコトガデキナイホドデアリヘンソースルタイショーモセイカッコーニアルテードルイジガアルナラローニャクナンニョトワナイ	80	81	1
BASIC5000_4495	身体の鍛錬のためには、物理的に運動を行う必要があるが、精神の鍛錬についても、訓練を重ねて心を修めることが必要である。	からだのたんれんのためにわ、ぶつりてきに、うんどーをおこなうひつよーがあるが、せーしんのたんれんについても、くんれんをかさねてこころをおさめることがひつよーである	シンタイノタンレンノタメニワブツリテキニウンドーヲオコナウヒツヨーガアルガセーシンノタンレンニツイテモクンレンヲカサネテココロヲオサメルコトガヒツヨーデアル	77	78	1
BASIC5000_4514	北朝鮮の挑発行為に対する、日本政府や他国の反応が注目されます。	きたちょーせんのちょーはつこーいにたいする、にほんせーふやたこくのはんのーがちゅーもくされます	キタチョーセンノチョーハツコーイニタイスルニッポンセーフヤタコクノハンノーガチューモクサレマス	43	44	1
BASIC5000_4529	秋になると綺麗ないちょう並木だが、同時に道端には大量の銀杏が落ちている。	あきになるときれーないちょーなみきだが、どーじに、みちばたにわたいりょーのぎんなんがおちている	アキニナルトキレーナイチョーナミキダガドージニミチバタニワタイリョーノイチョーガオチテイル	43	42	-1
BASIC5000_4532	サッカー日本対オーストラリアの戦いの火蓋が切って落とされた。	さっかーにほんたい、おーすとらりあのたたかいのひぶたが、きっておとされた	サッカーニッポンタイオーストラリアノタタカイノヒブタガキッテオトサレタ	34	35	1
BASIC5000_4541	並木道が色づき、地面に落ちたイチョウの葉や銀杏をみると、深秋の訪れを感じます。	なみきみちがいろづき、じめんにおちたいちょーのはやぎんなんをみると、しんしゅーのおとずれをかんじます	ナミキミチガイロズキジメンニオチタイチョーノハヤイチョーヲミルトシンシューノオトズレヲカンジマス	46	45	-1
BASIC5000_4561	世の中には賽銭箱からお金を盗むなどという不届きな輩がいるようだ。	よのなかにわさいせんばこからおかねをぬすむなどとゆーふとどきなやからがいるよーだ	ヨノナカニワサイセンバコカラオカネヲヌスムナドトイウフトドキナトモガラガイルヨーダ	40	41	1
BASIC5000_4568	雨が降りそうな空模様だっので、長靴を履いて出かけた。	あめがふりそーなそらもよーだったので、ながぐつをはいてでかけた	アメガオリソーナソラモヨーダッノデナガグツヲハイテデカケタ	30	29	-1
BASIC5000_4620	お神酒を供えて、神や仏に帰依する。	おみきをそなえて、かみやほとけにきえする	オミキヲソナエテカミヤフツニキエスル	19	18	-1
BASIC5000_4625	栄えある業績を残す。	はえあるぎょーせきをのこす	サカエアルギョーセキヲノコス	12	13	1
BASIC5000_4626	彼は、立ち姿が栄える。	かれわ、たちすがたがはえる	カレワタチスガタガサカエル	12	13	1
BASIC5000_4637	誰もいないはずなのに、母屋の開き扉が、勝手に開く。	だれもいないはずなのに、おもやのひらきとびらが、かってにあく	ダレモイナイハズナノニオモヤノヒラキトビラガカッテニヒラク	28	29	1
BASIC5000_4644	猫の額のような庭だが、築山が真ん中にある。	ねこのひたいのよーなにわだが、つきやまがまんなかにある	ネコノガクノヨーナニワダガツキヤマガマンナカニアル	26	25	-1
BASIC5000_4648	幽霊が出ると噂のある館の前を通らないように帰ってきた。	ゆーれーがでるとうわさのあるやかたのまえをとーらないよーにかえってきた	ユーレーガデルトウワサノアルカンノマエヲトーラナイヨーニカエッテキタ	35	34	-1
BASIC5000_4650	医学の基を築いた偉人達。	いがくのもといをきずいたいじんたち	イガクノモトヲキズイタイジンタチ	17	16	-1
BASIC5000_4698	タオルを冷たい水で湿して、額のタオルと取り替えてやる。	たおるをつめたいみずでしめして、ひたいのたおるととりかえてやる	タオルヲツメタイミズデシメシテガクノタオルトトリカエテヤル	30	29	-1
BASIC5000_4710	大字として、十は拾と書く。	だいじとして、じゅーわじゅーとかく	ダイジトシテジューワヒロエトカク	14	15	1
BASIC5000_4719	髪を縮らせるヘアスタイルが流行している。	かみをちじらせるへあすたいるがりゅーこーしている	カミヲチジマラセルヘアスタイルガリューコーシテイル	23	24	1
BASIC5000_4725	蒸すことで、野菜本来の旨味が引き立つ。	むすことで、やさいほんらいのうまみがひきたつ	フカスコトデヤサイホンライノウマミガヒキタツ	21	22	1
BASIC5000_4729	読唇術に対する世間の目が厳しくなったのは、この事件以後である。	どくしんじゅつにたいするせけんのめがきびしくなったのわ、このじけんいこーである	ドクシンジュツニタイスルセケンノメガキビシクナッタノワコノジケンイゴデアル	37	36	-1
BASIC5000_4731	彼は、遺族の前で、頭を垂れて謝罪した。	かれわ、いぞくのまえで、あたまをたれてしゃざいした	カレワイゾクノマエデアタマヲシダレテシャザイシタ	22	23	1
BASIC5000_4732	麦の穂は、麦穂と呼ばれることがある。	むぎのほわ、ばくすいとよばれることがある	ムギノホワムギホトヨバレルコトガアル	19	18	-1
BASIC5000_4739	今昔物語集を読み解くため、仮名で書かれたものを用意した。	こんじゃくものがたりしゅーをよみとくため、かなでかかれたものをよーいした	コンジャクモノガタリシューヲヨミトクタメカメーデカカレタモノヲヨーイシタ	33	34	1
BASIC5000_4751	他のものは何もいらない。	ほかのものわなにもいらない	タノモノワナニモイラナイ	13	12	-1
BASIC5000_4756	鍛冶が鉄からやかんを鋳る。	かじがてつからやかんをいる	タンヤガテツカラヤカンヲイル	13	14	1
BASIC5000_4777	古い手紙を焚き火に入れて燃す。	ふるいてがみをたきびにいれてもす	フルイテガミヲタキビニイレテモヤス	16	17	1
BASIC5000_4779	この関所を破れるものなら破ってみよ。	このせきしょをやぶれるものならやぶってみよ	コノセキショヲワレルモノナラヤブッテミヨ	20	19	-1
BASIC5000_4792	トラックが登坂車線に移動するために、ウィンカーを出している。	とらっくがとーはんしゃせんにいどーするために、うぃんかーをだしている	トラックガトサカシャセンニイドースルタメニウィンカーヲダシテイル	31	30	-1
BASIC5000_4801	絵を描くのには、もう飽きてしまった。	えをかくのにわ、もーあきてしまった	エヲエガクノニワモーアキテシマッタ	16	17	1
BASIC5000_4803	もらいものの茄子を冷蔵庫に入れたまま、腐らせてしまった。	もらいもののなすをれーぞーこにいれたまま、くさらせてしまった	モライモノノナスビヲレーゾーコニイレタママクサラセテシマッタ	29	30	1
BASIC5000_4814	有糸分裂後期に、紡錘体はなくなる。	ゆーしぶんれつこーきに、ぼーすいたいわなくなる	ユーイトブンレツコーキニボースイタイワナクナル	22	23	1
BASIC5000_4820	ベンチコートの山に埋もれて、見えなくなってしまった。	べんちこーとのやまにうもれて、みえなくなってしまった	ベンチコートノヤマニウズモレテミエナクナッテシマッタ	25	26	1
BASIC5000_4827	ナメクジには、雄雌の区別はない。	なめくじにわ、おすめすのくべつわない	ナメクジニワユーシノクベツワナイ	17	16	-1
BASIC5000_4838	あやかしの類かと、肝を冷やした。	あやかしのたぐいかと、きもをひやした	アヤカシノルイカトキモヲヒヤシタ	17	16	-1
BASIC5000_4844	マネがこの絵を描くまで、女性の裸像は女神に限られていました。	まねがこのえをかくまで、じょせーのらぞーわ、めがみにかぎられていました	マネガコノエヲエガクマデジョセーノラゾーワメガミニカギラレテイマシタ	32	33	1
BASIC5000_4846	50分の模擬試験に挑戦して、試験であなたの実力がどれくらいかがわかります。	ごじゅっぷんのもぎしけんにちょーせんして、しけんであなたのじつりょくがどれくらいかわかります	ゴジュップンノモギシケンニチョーセンシテシケンデアナタノジツリョクガドレクライカガワカリマス	42	43	1
BASIC5000_4848	梅雨時でもないんだから、傘は要らないんじゃない。	つゆどきでもないんだから、かさわいらないんじゃない？	ツユジデモナインダカラカサワイラナインジャナイ	23	22	-1
BASIC5000_4862	今日のトピックは、北朝鮮による、日本人拉致問題です。	きょーのとぴっくわ、きたちょーせんによる、にほんじんらちもんだいです	キョーノトピックワキタチョーセンニヨルニッポンジンラチモンダイデス	30	31	1
BASIC5000_4917	彼は、過って親指を、金槌で打ち付けた。	かれわ、あやまっておやゆびを、かなずちでうちつけた	カレワヨギッテオヤユビヲカナズチデウチツケタ	23	22	-1
BASIC5000_4926	日本は、四つの主な島から成り立っている。	にほんわ、よっつのおもなしまからなりたっている	ニッポンワヨッツノオモナシマカラナリタッテイル	22	23	1
BASIC5000_4927	日本の最高峰は、富士山である。	にほんのさいこーほーわ、ふじさんである	ニッポンノサイコーホーワフジサンデアル	18	19	1
BASIC5000_4953	時がたつにつれて、悲しみは薄らぐ。	ときがたつにつれて、かなしみわうすらぐ	ジガタツニツレテカナシミワウスラグ	18	17	-1
BASIC5000_4979	その国では、日本製品を排斥する運動が起こっていた。	そのくにでわ、にほんせーひんをはいせきするうんどーがおこっていた	ソノクニデワニッポンセーヒンヲハイセキスルウンドーガオコッテイタ	31	32	1
