clip_id	band	mora_per_second	mora	duration_sec	sentence
common_voice_ja_38997609	under4	3.846	9	2.340	埼玉県久喜市
common_voice_ja_36368262	under4	3.754	10	2.664	愛知県岡崎市
common_voice_ja_25110660	under4	3.881	19	4.896	あの映画館は新しくて、きれいです。
common_voice_ja_45174890	under4	3.472	12	3.456	アルジャーノンに花束を
common_voice_ja_39091976	under4	2.732	6	2.196	じゃぱりぱーく
common_voice_ja_44757645	under4	2.621	5	1.908	風呂入る
common_voice_ja_39071681	under4	3.584	12	3.348	ねるねるねるねの二の粉
common_voice_ja_45132171	4to6	4.630	15	3.240	お忙しい中恐れ入ります。
common_voice_ja_27930411	4to6	4.884	16	3.276	目の疲れを取るためいったん寝る
common_voice_ja_38904100	4to6	5.767	49	8.496	ちょっと一眠りして、それからすぐに出発しよう、と考えた。その頃には、雨も小降りになっていよう。
common_voice_ja_39782272	4to6	4.193	16	3.816	それでは、今日の授業を始めます。
common_voice_ja_42132525	4to6	5.000	9	1.800	あしたも頑張ろう
common_voice_ja_39052046	4to6	5.977	51	8.532	地球上の誰かがふと思った 『人類の数が半分になったら いくつの森が焼かれずにすむだろうか……』
common_voice_ja_39040788	4to6	4.861	14	2.880	北海道東神楽町
common_voice_ja_38963870	4to6	5.926	16	2.700	僕もつられて、首を上に向けた
common_voice_ja_44595238	6to8	6.993	36	5.148	本件発信者動画は既に、動画共有サイトから削除されている。
common_voice_ja_45072269	6to8	6.022	31	5.148	ファミリーレストランは、家族や友人と気楽に行ける所です。
common_voice_ja_38998266	6to8	7.631	25	3.276	お前がどこの誰だろうと！！おれはお前を超えて行く！！
common_voice_ja_44757638	6to8	6.194	33	5.328	申し訳ございませんが、荷物は、預けていただかなければなりません。
common_voice_ja_36340785	6to8	7.246	60	8.280	重い足を引きずり、僕らの二十号棟を越えて、その隣の二十一号棟、二十二号棟、二十三号棟を越え、
common_voice_ja_44897474	6to8	6.944	27	3.888	大声で泣きながら、女の子は母親を探していた。
common_voice_ja_38966661	6to8	6.061	24	3.960	僕が鉄塔から目を落とすと、君は歩いていた
common_voice_ja_44870903	6to8	6.601	48	7.272	そこで、自分自身と向き合い、動画の分析から課題を見つけ、地道に練習を積み重ねました。
common_voice_ja_38975472	over8	8.414	73	8.676	前の事件で、軽気球のトリックにかかったのは、中村捜査係長はじめ、警官隊の人たちでしたが、明智にも責任がないとはいえません。
common_voice_ja_38988520	over8	8.159	42	5.148	あるおばあさんは、人の下になって、つぶされそうになりました。イワンは大笑いしました。
common_voice_ja_42098974	over8	10.056	101	10.044	みなさんにも、話を聞いてもらっただけで、アドバイスや助言をしてもらったわけではないのに、モヤモヤが晴れたように頭が整理されて、なんとなく解決策も見えてきたような経験があるのではないでしょうか？
common_voice_ja_38880650	over8	8.213	68	8.280	私は二時間ばかりも眠りました。私は国へ帰って妻子と一しょに暮している夢をみていました。ふと目がさめて、あたりを見まわすと、
common_voice_ja_38985896	over8	9.032	53	5.868	みんな、少しも私を怖がっている様子はありません。私は地面に横になって、陛下の手にキスしました。
common_voice_ja_38987547	over8	8.091	60	7.416	「あの男のおやじだって力はあるんです」「くだらない！ 君はだれでも力があると思うんだ。私のことなんかもそうだろう？」
common_voice_ja_39125926	over8	11.660	102	8.748	それはまるで、静かに織りなされる物語のように、初期の段階から次第に症状が重なり、複雑に絡み合い、結果として患者の生活や思考を覆すような状況を生み出すと認識しました。
